Gene,Expression levels in AD samples (TPM),,,,,,,,,,,Expression levels in non-AD samples (TPM),,,,,,,,,,,,log2FoldChange,"Average abundance
log2(CPM)",Likelyhood ratio,P value,padj,Chromosome No,Location,
AACS,15.920736,3.211015,7.234741,5.945755,3.687795,5.709424,9.556796,1.493437,6.594962375,4.52431147690039,,12.966527,32.28163,32.012722,54.546913,13.701055,10.563449,15.888057,13.987914,8.460286,9.142397,20.355095,14.7936658340653,-1.17191440308163,4.72048218788373,18.5203049979783,1.68103847440068e-05,0.0060634094119004,chr12,125549925,125627873
AAK1,10.663195,3.653014,4.128694,2.702383,6.577046,7.157709,13.187867,0.721762,6.09895875,4.18756582638348,,13.613435,18.706738,23.581749,37.607825,13.487199,13.629508,14.347923,11.222772,9.418682,16.61378,17.2229611,8.18957293133887,-1.20569304691006,6.31037881049661,12.5600443080739,0.000394082404782718,0.0272105282000626,chr2,69688532,69901481
ABCA2,70.209327,119.894682,236.474347,172.970057,100.779618,51.602071,69.048147,27.874497,106.10659325,69.1147162861631,,37.285334,102.880319,64.445241,56.487198,36.967537,96.432318,85.137503,77.491512,64.835709,21.527672,64.3490343,26.8675683474411,1.02016156880278,8.60840284901716,11.116908937189,0.000855442340453633,0.0410184964416162,chr9,139901686,139923367
ABCA6,1.244749,3.214729,2.643825,5.809109,2.952848,0.585783,3.196223,0.247962,2.4869035,1.79211400019307,,2.547876,1.452475,1.83818,0.931567,0.179619,0.849456,0.99443,1.199572,0.977057,0.692604,1.1662836,0.655061264297419,1.43609113498202,2.07149525314352,14.1368789565285,0.000169978493832555,0.0171887716557925,chr17,67074843,67138029
ABCA8,17.000405,26.182248,78.332403,19.828826,12.452482,3.286715,9.251294,5.806625,21.51762475,24.1565617224458,,7.376701,17.433677,10.848204,6.36977,3.028257,15.409363,10.411924,9.27838,12.042487,3.177272,9.5376035,4.75136660887359,1.48204388105732,5.2875733312212,14.990698024728,0.000108042438715038,0.013789055891126,chr17,66863433,66951533
ABI3BP,4.003833,4.007509,7.060086,7.217737,9.937177,0.68199,6.267547,0.743836,4.989964375,3.24876740531623,,1.317212,2.291475,9.445777,1.908371,0.800734,0.835996,1.585679,4.02708,0.857965,0.545362,2.3615651,2.69126013526586,1.27725812522287,3.42822331408492,11.5787241915267,0.000667106953641263,0.0353391952083733,chr3,100468000,100712359
AC005253.2,5.350932,1.284204,3.906126,15.054516,1.738138,0.820383,1.330834,0.504159,3.7486615,4.86206406166711,,1.441213,1.931312,3.274601,3.087929,0.479183,1.041245,1.397164,0.809088,1.191376,0.245356,1.4898467,1.01483555034586,1.54916464175302,1.4990739905327,14.6923661916512,0.000126557912544963,0.0146262204683852,chr19,18668585,18672370
AC010136.2,0.907135,0.315898,0.0,0.942888,0.0,0.0,0.282997,0.0,0.30611475,0.403937869310456,,0,0.0,0.0,0.0,0.0,0.0,0.0,0.0,0.0,0.0,0,0,5.8663523880397,-3.65894856378425,19.9441015543069,7.9739573754623e-06,0.00434189646360629,chr2,218843430,218857338
AC011288.2,0,0.0,0.0,0.0,0.0,0.0,0.0,0.0,0,0,,0.25178,0.274853,0.0,2.263554,0.514329,0.71099,0.0,0.0,0.0,1.046469,0.5061975,0.712226043172976,-6.52294353676846,-2.98712608164582,19.612787901462,9.48323487440557e-06,0.00483807304236678,chr7,13141016,13743774
AC011524.1,0.155091,0.043083,0.439144,0.355668,0.516419,0.0,0.404082,0.0,0.239185875,0.212988371922331,,0,0.0,0.155016,0.0,0.0,0.0,0.0,0.0,0.071361,0.0,0.0226377,0.0516373012937353,3.21027325102166,-3.80827408909914,10.7653589486132,0.00103417505914503,0.0459850705033545,chr19,29374337,29444152
AC011891.5,4.559948,0.664294,2.334936,5.707552,0.405263,0.38026,2.16602,0.315879,2.066769,2.07675823590731,,0.730031,1.016221,0.313815,0.157971,0.0,1.504464,0.564216,0.303207,0.716714,0.0,0.5306639,0.478470757243313,2.02699229377094,-1.53822861007504,11.640263791479,0.000645394496954272,0.0347349113855523,chr7,12693804,12694610
AC012354.6,0,0.261743,0.191149,0.060617,0.743591,0.0,0.215965,0.0,0.184133125,0.249871439420605,,0,0.0,0.060488,0.0,0.0,0.076686,0.0,0.0,0.0,0.0,0.0137174,0.0291697524318143,4.11027939889125,-2.27341984703687,11.2938916824789,0.000777625084710982,0.0390365786078343,chr2,45181803,45195901
AC015849.16,0.040024,0.0,0.0,0.0,0.0,0.0,0.0,0.0,0.005003,0.0141506209051052,,0.039646,0.084306,0.120188,0.02227,0.043382,0.04437,0.190764,0.031494,0.27141,0.035858,0.0883688,0.0828067508530823,-3.04554736045957,-3.54841089467957,16.1639773933742,5.80883288527342e-05,0.0103769210555252,chr17,34220711,34238027
AC015849.16,0.040024,0.0,0.0,0.0,0.0,0.0,0.0,0.0,0.005003,0.0141506209051052,,0.039646,0.084306,0.120188,0.02227,0.043382,0.04437,0.190764,0.031494,0.27141,0.035858,0.0883688,0.0828067508530823,-3.04554736045957,-3.54841089467957,16.1639773933742,5.80883288527342e-05,0.0103769210555252,KB021646.2,185875,203191
AC016716.1,0.018205,0.038944,0.0,0.0,0.078635,0.0,0.044831,0.064673,0.030661,0.0309450215428219,,0,0.0,0.0,0.0,0.0,0.0,0.0,0.0,0.0,0.0,0,0,4.11577166364861,-4.62031504332273,12.4120376786854,0.000426575148063743,0.028250796939285,chr2,80389554,80390261
AC017099.3,11.308655,8.309064,24.947607,21.185062,7.035326,3.80059,8.896861,3.248754,11.091489875,7.90655986902925,,4.957526,9.088812,8.946427,9.351119,1.690998,7.271268,6.042346,4.58271,7.601193,1.61881,6.1151209,2.87439237144778,1.07690311220837,2.20789311532758,15.9815899511594,6.39614609522315e-05,0.0108770978146064,chr2,98280680,98319527
AC020922.1,3.836821,2.811007,4.654465,4.9369,3.26324,1.548373,1.733141,1.235642,3.002448625,1.42022045285602,,1.418819,2.202727,1.587777,1.62131,0.562006,1.464977,2.439914,3.111478,1.477938,0.890118,1.6777064,0.740933545927208,1.22493464796616,0.469382471953074,13.9887135995162,0.000183911294418753,0.0180080147921542,chr19,55851254,55856561
AC036108.1,22.167377,11.644617,15.604525,38.892712,10.917683,5.142557,7.334897,4.116428,14.4775995,11.4811288963033,,6.593332,11.8114,10.552592,11.884938,5.035223,11.902495,6.919338,6.507627,7.222417,5.076953,8.3506315,2.85672201457145,1.08341075916058,5.46494615195365,24.4739922130005,7.531970704817e-07,0.00126689806309549,JH720445.1,20276,50761
AC062028.1,2.70806,0.266254,0.462767,0.270426,0.426757,0.710927,0.490967,0.183713,0.689983875,0.831992401204729,,2.12202,2.779288,8.887537,9.833008,3.180894,0.373074,1.699683,2.261902,1.980078,1.450006,3.456749,3.20933109203446,-1.6580422517573,0.492951636118571,11.6156928809323,0.000653976705383368,0.0350593743885453,chr2,11239977,11272947
AC066593.1,7.852475,3.193046,3.516232,1.248413,5.804809,6.025606,7.51401,0.749276,4.487983375,2.71684866511384,,13.030285,15.799532,15.850078,17.873453,12.131981,5.953722,16.304116,8.331404,13.317835,12.862355,13.1454761,3.69288474135505,-1.19078861357298,2.07841169801202,11.2695842482382,0.000787873721891734,0.0391716426663802,chr2,115888512,115918920
AC068718.1,0,0.0,0.0,0.0,0.0,0.0,0.0,0.0,0,0,,0.250994,0.0,0.0,0.044961,0.554016,0.0,0.071413,0.0,0.176224,0.513628,0.1611236,0.214038807533276,-5.4595666528929,-3.76722520244092,13.1032954008984,0.000294776776278096,0.0232491839329419,chr2,188577543,189152418
AC069547.2,0.030903,0.01497,0.026948,0.05545,0.0,0.0,0.023733,0.0,0.0190005,0.0194756140559712,,0,0.0,0.0,0.0,0.0,0.0,0.0,0.0,0.0,0.0,0,0,3.71069890863331,-4.67953645069534,13.6682862856632,0.000218106898155912,0.0197303123573022,chr10,52152766,52154321
AC074212.6,1.886188,1.648376,1.708686,5.09088,1.194825,0.736362,1.624689,0.65131,1.8176645,1.39969060824802,,0.915959,1.16831,1.25501,1.25114,0.459842,1.19427,1.160205,1.018778,1.082452,0.396747,0.9902713,0.314251904781658,1.20816203933413,-1.02020605599151,12.3743598826204,0.000435270006417384,0.0285288254553357,chr19,46271054,46275762
AC079779.6,0,0.075762,0.0,0.0,0.0,0.0,0.0,0.0,0.00947025,0.0267859119781276,,0.174136,0.155668,0.622039,1.099835,0.507517,0.125246,0.0,0.157141,0.4523,0.417809,0.3711691,0.324987763818356,-3.85100243259819,-2.83768777896799,17.1511796468011,3.45194967037825e-05,0.00821346461696849,chr2,317912,342118
AC090953.1,0.680139,0.489206,0.926335,4.617914,0.766351,0.69615,0.35963,0.021686,1.069676375,1.4605869726493,,0.234981,0.046549,0.589601,0.074063,0.085555,0.149549,0.258618,0.44015,0.215635,0.043729,0.213843,0.180098674483986,2.36329480399557,-2.14142698318791,17.3246190952837,3.1507831244769e-05,0.00785061388987029,chr3,16269421,16269957
AC091633.3,0.121055,0.174308,0.068746,0.170915,0.304476,0.0,0.304439,0.0,0.142992375,0.119993884642912,,0.441408,0.468078,1.308007,1.140461,0.827751,0.510018,0.747084,0.600193,0.503244,0.405473,0.6951717,0.311653976961648,-1.74535440627909,-2.24501895371015,15.9511956901062,6.49967100317711e-05,0.0109648538746078,chr3,195270871,195277400
AC091729.8,0,0.0,0.0,0.0,0.0,0.0,0.0,0.0,0,0,,0,0.082258,0.109131,0.26532,0.136291,0.088477,0.147262,0.045279,0.198758,0.180882,0.1253658,0.0776513283935883,-4.11660798513251,-4.40791839133396,16.2424092826851,5.57324373318162e-05,0.0102710837615996,chr7,1120499,1121814
AC091878.1,1.100242,0.229189,0.152611,0.368048,0.269427,0.31017,0.599593,0.091719,0.390124875,0.325346109550797,,0.891471,1.169108,1.746868,1.83682,1.190453,0.306409,1.014471,0.84389,1.09832,0.89322,1.099103,0.44262234824208,-1.20443982480005,0.503253905318319,10.4878352790887,0.00120163075797902,0.0496881117672693,chr5,17130137,17217156
AC096669.3,0.509299,0.040774,0.0,0.0,0.191341,0.0,0.132865,0.0,0.109284875,0.177187151159798,,0.950685,0.224658,3.531989,0.742513,0.727122,0.324432,1.401866,0.519315,0.926304,0.698064,1.0046948,0.948720773299476,-2.9521256600185,-0.860408761470645,18.0644649621904,2.13550005564482e-05,0.00687109276426764,chr2,108145943,108172782
AC096677.1,0.806685,1.151425,2.658942,1.030328,1.246738,0.254076,1.115096,0.095149,1.044804875,0.778875877516976,,0.219056,0.624326,0.54571,0.632572,0.142353,0.549905,0.304865,0.878838,0.59333,0.039479,0.4530434,0.263478834550414,1.52390861008509,-1.44929483084538,12.374563342143,0.000435222577333784,0.0285288254553357,chr1,201592013,201592738
AC144521.1,3.931435,1.049682,2.000806,1.492245,1.139437,1.510952,3.433306,0.411644,1.871188375,1.21394276564153,,4.177887,4.826666,7.31549,8.757246,3.060928,4.432935,6.91233,2.450761,2.757812,4.940192,4.9632247,2.09334803990795,-1.04143472231043,0.9184643880218,10.7221329807062,0.00105861568818554,0.046481712286286,chr3,18486516,18959184
AC144835.1,0.870451,0.335635,2.74911,6.141171,0.168949,0.0,0.138805,0.0,1.300515125,2.15999393880641,,0,0.078955,0.314014,0.278643,0.06524,0.460916,0.240222,0.325753,0.0,0.0,0.1763743,0.167306475804169,2.7547905093448,-1.8063269029151,10.9090225162477,0.000956970087411052,0.0437229763629424,chr15,98563824,98565007
AC244230.1,0.025761,0.049368,0.018616,0.0,0.0,0.127175,0.021092,0.0,0.0302515,0.0426690102868246,,0.063401,0.664355,0.172879,0.465541,0.233819,0.258516,0.114535,0.077879,0.239687,0.268619,0.2559231,0.184790503010211,-2.33814697293454,-2.06970222330301,12.7693291756574,0.000352349174089753,0.0254834603286777,JH591181.2,646742,662896
ACOT7,45.637897,16.789429,21.710565,14.378198,42.037509,38.405325,80.727369,4.350476,33.004596,24.2201593142654,,71.498248,139.70341,127.613981,195.030921,106.134576,71.193155,105.679454,62.779577,82.663509,62.576493,102.4873324,42.303672712578,-1.10267332609597,6.09658040080892,13.0806201857778,0.000298366651818988,0.0233372998975932,chr1,6324329,6454451
ACTR3B,21.069653,5.759612,8.814309,7.354898,9.667811,8.807361,24.693446,1.766037,10.991640875,7.80368010277751,,19.999121,48.417179,37.053144,55.505594,27.912238,17.185202,18.986805,21.065274,22.673082,24.492314,29.3289953,13.2861903192747,-1.07185826339424,4.75987818315125,19.1482495257095,1.20948372569317e-05,0.00535092608611553,chr7,152456834,152552463
ADAD2,0.643021,0.215666,0.0,0.563727,0.0,0.386655,0.246452,0.0,0.256940125,0.256311979312844,,2.378835,0.875646,0.510178,5.104777,0.617441,4.692294,0.652431,0.685097,2.119092,0.465638,1.8101429,1.76319528865274,-2.84547603946625,0.218772305151938,16.672138767615,4.44287424899237e-05,0.00919750001192825,chr16,84224744,84230774
ADAM11,17.137617,3.377971,5.963596,6.760764,6.755126,11.351302,15.633367,1.008715,8.49855725,5.7131510327016,,17.935215,29.626192,34.065598,50.985507,17.924256,10.907799,30.143511,21.160833,11.425592,13.371368,23.7545871,12.5723451950334,-1.13473650570689,5.45901921801994,15.0703634427246,0.000103576760963873,0.0133914346954867,chr17,42836399,42859214
ADAM23,16.660365,5.018912,7.455438,6.189627,11.592159,15.267849,20.442302,0.921505,10.443519625,6.65837503125813,,21.380529,26.775558,35.23008,51.580408,21.245239,22.808509,26.751189,14.925942,17.140221,27.343964,26.5181639,10.5150793844146,-1.00897881994703,6.16604239103775,10.5594880646939,0.0011559320545409,0.0487410843757234,chr2,207308263,207485851
ADAM33,19.775844,9.649609,7.269812,17.731979,3.105752,1.529967,8.674007,4.424947,9.020239625,6.62634859905182,,4.26165,5.734735,4.260435,12.915479,2.403515,4.565572,7.041876,4.023371,3.915217,3.665715,5.2787565,2.95372275521753,1.25499047719324,3.85722410964003,17.5925413936702,2.73659560555352e-05,0.00752536218032094,chr20,3648612,3662893
ADAMTS18,1.38759,1.510054,11.597696,1.273985,2.67965,0.179936,1.338319,0.51449,2.560215,3.72570897188545,,0.622732,1.651024,1.059101,0.392804,0.354276,0.750393,1.742871,1.724876,0.300501,0.301787,0.8900365,0.610172062318536,1.78234094281133,2.53723439794346,14.4900711728534,0.000140900241874052,0.0156145592897959,chr16,77281710,77469011
ADAMTS4,9.368684,3.255461,10.944043,3.759566,4.509092,1.685438,1.600148,4.073659,4.899511375,3.43433855942014,,1.231752,2.807315,2.320168,0.771098,1.015528,4.55435,2.426975,1.721173,4.241512,0.695316,2.1785187,1.3750352918258,1.60857881191773,4.47483001194217,16.7101941711851,4.35463745632692e-05,0.00919750001192825,chr1,161154098,161168846
ADAMTS9-AS2,1.129626,0.695483,0.779004,2.990474,0.989949,0.43434,0.451023,0.355379,0.97815975,0.858031613309332,,0.56348,0.291825,1.373794,0.774824,0.314432,0.550512,0.664029,0.497809,0.427448,0.327386,0.5785539,0.320357477094799,1.1412460982771,0.199196167974148,10.617311963221,0.00112033789003095,0.0480562833507906,chr3,64670585,64997143
ADAMTSL3,1.998074,1.100166,1.919062,3.905246,0.937767,0.18172,0.986936,0.788734,1.477213125,1.14565728979075,,0.653367,2.236416,1.537843,1.068232,0.264833,0.642872,0.781277,1.019187,0.531795,0.256684,0.8992506,0.608208540630816,1.16042213751187,2.14212384706693,12.590201019385,0.000387774435282494,0.0269741591465487,chr15,84322838,84708594
ADCY1,28.81549,3.820155,8.172693,9.535548,6.271663,9.58541,17.314413,3.373966,10.86116725,8.46262698317298,,27.256466,27.811775,56.369431,52.981556,25.696689,7.025748,38.912873,24.207897,22.768845,18.644519,30.1675799,15.1880520982419,-1.22831691102355,7.18678837793493,14.4838287159694,0.000141367951308457,0.0156209174012688,chr7,45613739,45762715
ADH1B,11.560087,2.840643,1.55623,7.299289,3.138006,1.536274,0.874724,2.797965,3.95040225,3.65204212934375,,2.300603,4.933077,2.294272,0.376373,0.150119,1.322294,0.860524,1.150809,1.458318,0.334617,1.5181006,1.41663094664436,1.85905972176599,2.76354431295939,15.6572405890451,7.59213511954876e-05,0.0115478529796273,chr4,100226121,100242558
AEBP1,67.899969,27.266757,29.169833,144.674208,46.000019,9.137439,39.871828,7.196829,46.40211025,44.3221845695871,,19.858869,12.343853,16.152425,18.076663,6.167023,10.101773,8.31521,23.307614,20.989693,10.760831,14.6073954,5.86401676810469,1.82798575566856,6.08024188869815,32.8844050758159,9.78047099317515e-09,9.23097153120859e-05,chr7,44143960,44154161
AGBL4,3.041933,0.659957,1.611993,2.095332,3.000924,1.88826,4.726376,0.072303,2.13713475,1.46648297549475,,6.298858,6.193022,9.634593,9.154799,4.493977,4.565737,6.468129,3.724299,4.026247,5.781657,6.0341318,2.02606616123692,-1.29176554846675,2.86708013465705,14.6287237987227,0.000130904072349483,0.0147963407446684,chr1,48998527,50489585
AGMAT,1.294937,0.24762,0.221199,0.262874,0.180983,0.374143,0.849953,0.091105,0.44035175,0.415484223526082,,0.790306,1.835302,2.023854,2.676854,1.119045,1.696888,1.316001,0.971993,1.110433,0.343049,1.3883725,0.67804711835769,-1.27929720557484,0.497468268097472,11.3880310485743,0.000739188390741273,0.0380195271383175,chr1,15898848,15911605
AK5,154.387496,45.140176,120.887788,43.660243,45.582054,71.601575,184.608117,7.509692,84.172142625,62.1687487979363,,157.039443,302.04061,287.261314,327.600649,140.926879,140.769262,135.040403,179.709339,134.441606,177.038363,198.1867868,76.4315195195217,-1.02328763159434,8.15824573063804,11.0965265061577,0.000864895616378054,0.0412240886699884,chr1,77747736,78025651
AKR1B10,0.061077,0.044848,0.0,0.207685,0.158778,0.0,0.0,0.143419,0.076975875,0.0821601071487643,,0,0.0,0.0,0.0,0.0,0.0,0.0,0.0,0.0,0.0,0,0,6.1968944495964,-3.67992228758796,22.1901538011669,2.46936935366913e-06,0.00209769671215433,chr7,134212344,134226160
AKR1B15,0.168911,0.0,0.0,0.587468,0.0,0.0,0.0,0.0,0.094547375,0.207755325869459,,0,0.0,0.0,0.0,0.0,0.0,0.0,0.0,0.0,0.0,0,0,5.69619646036381,-3.76989036460433,11.3179983738923,0.000767594121764518,0.0387761708487091,chr7,134233888,134264627
AL353898.2,1.863068,0.547324,1.334265,1.184676,0.728501,0.248611,0.858508,0.264239,0.878649,0.557736893769301,,0.158207,0.513154,1.085385,0.416487,0.054293,0.545478,0.289609,0.37807,0.416198,0.272011,0.4128892,0.280796213695508,1.45078769481328,-0.501163220266308,15.7580465610623,7.19811198050244e-05,0.0113618089742856,chr1,54498816,54500553
AL450992.2,5.100505,2.193417,5.172265,1.485805,2.30018,1.431407,5.014568,0.525479,2.90295325,1.89476138655254,,6.825564,4.663167,13.548475,18.032085,5.528502,5.994071,9.551598,6.391237,3.275969,7.056551,8.0867219,4.49939557603536,-1.13822585735171,0.799491484533846,10.9511346810427,0.000935463115314569,0.0432796901610692,chr1,151814353,151822861
AL592528.1,0,0.0,0.077329,0.110776,0.036874,0.032889,0.009334,0.013145,0.035043375,0.039871372013863,,0,0.023734,0.0,0.0,0.0,0.0,0.0,0.0,0.0,0.0,0.0023734,0.00750534979864363,4.02446150505619,-3.86466592661686,12.554832120698,0.000395183098896472,0.0272248463593775,chr21,47247875,47256333
AL627171.2,0.130079,0.096342,0.089191,0.571621,0.10317,0.060328,0.126791,0.034441,0.151495375,0.172728853078987,,0,0.045189,0.037857,0.0,0.0,0.020778,0.0,0.0,0.033459,0.0,0.0137283,0.0186838192803292,3.48591322244334,-3.41522223490324,25.6052189923016,4.18904860439504e-07,0.000847220119351025,chr14,50291993,50293258
ALMS1-IT1,0.337398,0.393636,1.658932,0.825504,0.565188,0.349189,0.286797,0.124688,0.5676665,0.487487282380635,,0.242655,0.274845,0.789516,0.103934,0.075494,0.123211,0.220073,0.105718,0.49573,0.112187,0.2543363,0.226203534200728,1.5126814883966,-0.824307798665443,11.8175326880804,0.000586755626575847,0.0334616156871739,chr2,73683891,73686611
AMMECR1LP1,0,0.0,0.0,0.0,0.0,0.0,0.0,0.0,0,0,,0,0.0,0.122414,0.036334,0.1184,0.0,0.047142,0.0,0.042743,0.207693,0.0574726,0.0702998529367831,-4.41958134323108,-4.29749465971505,10.524584820437,0.00117796873548005,0.049266758878508,chr13,97225913,97226753
AMPH,30.756484,6.298146,9.7656,5.028558,18.654311,23.506334,52.758084,1.322104,18.511202625,17.1158187164916,,47.632468,41.645784,74.663951,143.576027,49.500617,36.105028,42.581394,43.845624,34.755665,50.594983,56.4901541,32.5541188415024,-1.29898955960658,6.25917604838203,10.9755951450148,0.000923196022614471,0.0428873400858367,chr7,38423305,38671167
ANGPT1,4.813837,2.379336,5.138645,10.227203,0.923996,0.38586,1.634385,0.168711,3.208996625,3.40496863140512,,1.110666,1.682472,3.792346,1.567102,0.442303,1.522817,0.43124,2.213308,0.396814,0.281286,1.3440354,1.08901399113971,1.46993997438802,2.38639508427414,11.1638997350814,0.000834044183546125,0.040402983806701,chr8,108261721,108510283
ANKRD20A10P,0.235657,0.027613,0.080596,0.031064,0.173341,0.065387,0.060031,0.017655,0.086418,0.0776905978628413,,0.250787,0.329826,0.688061,0.335709,0.201803,0.220118,0.502226,0.223748,0.254064,0.196533,0.3202875,0.158678990761747,-1.45358115576263,-2.13166584517457,10.5258899550254,0.00117713711884969,0.049266758878508,chr13,25324795,25326309
ANKRD53,0.894764,0.603365,1.070719,2.159276,0.318688,0.25346,0.895232,0.21595,0.80143175,0.637976702447612,,0.186606,0.42733,0.696516,0.26312,0.156157,0.385198,0.279148,0.358204,0.428294,0.131666,0.3312239,0.168151580705855,1.13218259686664,-1.77645538330309,10.4724714389368,0.00121166514716185,0.0497601067106712,chr2,71205510,71212626
ANKRD53,0.894764,0.603365,1.070719,2.159276,0.318688,0.25346,0.895232,0.21595,0.80143175,0.637976702447612,,0.186606,0.42733,0.696516,0.26312,0.156157,0.385198,0.279148,0.358204,0.428294,0.131666,0.3312239,0.168151580705855,1.13218259686664,-1.77645538330309,10.4724714389368,0.00121166514716185,0.0497601067106712,KB663603.1,544661,551777
ANO3,4.702356,0.490703,1.113076,2.069684,2.942675,3.335721,4.275098,0.083135,2.376556,1.72216927742658,,6.066404,11.489002,10.791162,21.591763,8.130441,4.236596,5.094615,4.742053,4.152334,11.169149,8.7463519,5.38466823310803,-1.5988098191172,4.50702596889326,15.1490421390628,9.93487016970643e-05,0.0130342323284792,chr11,26210829,26684835
ANPEP,0.937146,1.286852,0.708391,1.795897,2.182702,0.522819,0.962492,1.40821,1.225563625,0.559619632180629,,0.749943,0.877089,0.674264,0.839857,0.313977,0.920408,1.003424,0.451021,1.059443,0.112859,0.7002285,0.312634069113201,1.46227727752052,1.23377589600706,11.3772737702996,0.000743481577629305,0.0381710047684224,chr15,90328120,90358633
ANXA1,76.385866,34.284516,69.996566,228.086255,43.818803,7.890102,14.290683,24.721663,62.43430675,71.2605598258272,,16.800504,47.704593,23.781573,12.355448,4.384606,64.29621,10.015228,12.045742,14.99364,7.635973,21.4013517,19.3728799504817,1.83992317956633,5.19008264281789,18.4503431887893,1.74389424725278e-05,0.00617218670797985,chr9,75766673,75785309
ANXA2P2,5.145815,1.267746,3.403606,6.169565,2.196695,1.305191,1.262661,2.994124,2.968175375,1.86479494740053,,2.993267,2.708429,2.492453,0.612719,0.486897,3.396039,0.816594,1.117019,1.275368,0.91541,1.6814195,1.09344064262759,1.4086207668037,0.820480681556619,10.795231641246,0.00101761878466478,0.0455907706936566,chr9,33624223,33625532
ANXA8L2,0.101561,0.035707,0.029124,0.0,0.039874,0.120453,0.050072,0.0,0.047098875,0.0435848400984874,,0.072618,0.695667,0.165288,0.867281,0.200056,0.345601,0.105552,0.048265,0.2692,0.239481,0.3009009,0.272042044776763,-1.88793060333773,-2.18333037803056,10.4871894946325,0.00120205083316949,0.0496881117672693,chr10,47746936,47763041
AOX2P,0,0.0,0.0,0.0,0.0,0.0,0.0,0.0,0,0,,0.058446,0.029336,0.028323,0.0,0.023978,0.023403,0.0,0.0,0.028772,0.023579,0.0215837,0.0180327147216755,-4.33003715905477,-4.32650351968132,13.1829650445018,0.000282505417566064,0.023018704016329,chr2,201560640,201658962
AP000347.4,3.38915,1.86084,2.488206,4.772634,1.149773,4.644962,14.471419,0.262122,4.12988825,4.46987979566734,,1.71447,3.504809,1.2751,1.394278,1.992704,2.001343,1.620039,1.219014,1.703505,0.178058,1.660332,0.833090606103162,1.65429243958763,0.602310003945809,12.1550417162376,0.00048955348264331,0.0303135269329765,chr22,23980679,23982949
AP000438.4,0,0.0,0.0,0.0,0.0,0.0,0.09569,0.0,0.01196125,0.0338315239458704,,0,0.0,0.376087,0.443552,0.225845,0.149337,0.137574,0.037609,0.210241,0.377248,0.1957493,0.161647009562366,-3.29828335795317,-3.96389841569021,10.6065144940473,0.0011268991637478,0.0481959207456558,chr11,63033308,63033728
AP000688.29,2.795142,3.260142,5.919166,4.081671,1.922965,1.635734,1.786997,0.76552,2.770917125,1.64172620379408,,1.011039,2.95181,2.130541,1.356187,0.514743,1.839343,1.783689,1.082167,2.757418,0.721459,1.6148396,0.827405109544452,1.17971088647059,1.71164775404579,14.048619484366,0.000178144556188129,0.0176675097589799,chr21,37477179,37481988
AP002387.1,0.155731,0.09272,0.0,0.0,0.137014,0.0,0.15998,0.0,0.068180625,0.07561821242633,,0,0.0,0.0,0.0,0.0,0.0,0.0,0.0,0.0,0.0,0,0,4.77016864768419,-4.2755568671664,14.9801141547529,0.000108650127606715,0.0138264001713273,chr11,71093647,71134469
AP002954.3,1.521806,2.411868,6.583775,1.409942,3.411418,1.488006,3.81051,0.367126,2.625556375,1.95759921497736,,1.016452,1.692344,1.831768,1.266348,0.38084,0.678687,1.510411,2.259428,0.978036,0.315092,1.1929406,0.638834894834025,1.51428839214434,-0.216871276549767,14.3495616388056,0.000151815038131729,0.0161998313980041,chr11,118507338,118508815
AP002954.3,1.521806,2.411868,6.583775,1.409942,3.411418,1.488006,3.81051,0.367126,2.625556375,1.95759921497736,,1.016452,1.692344,1.831768,1.266348,0.38084,0.678687,1.510411,2.259428,0.978036,0.315092,1.1929406,0.638834894834025,1.51428839214434,-0.216871276549767,14.3495616388056,0.000151815038131729,0.0161998313980041,JH720443.2,262058,263535
AP004290.1,0,0.020762,0.038961,0.235811,0.0,0.0,0.03415,0.0,0.0412105,0.080299108609178,,0,0.0,0.0,0.0,0.0,0.0,0.0,0.0,0.0,0.0,0,0,4.44370810597693,-4.42003901872033,12.3292736897154,0.000445909871967473,0.0286622362538548,chr8,100245276,100246687
AP1S1,48.923337,19.8028,28.811271,28.299124,41.575348,54.042774,73.473216,7.06413,37.749,21.0917178187964,,65.609715,151.928374,106.164348,226.715154,100.183696,112.109954,69.664541,85.607208,97.456993,83.259962,109.8699945,47.7965390136097,-1.11958161523011,5.93083633799055,16.9326223805796,3.87302342374176e-05,0.00855234344750381,chr7,100797678,100804877
APLNR,183.780394,24.944936,65.891865,271.229929,114.531245,11.774868,79.305491,2.659763,94.264811375,93.1746032537704,,40.981677,22.192968,65.023135,21.36233,4.028547,42.983868,20.805256,65.524029,62.060618,14.274491,35.9236919,22.599525712868,1.4946681207411,6.91417677806155,10.7733211149964,0.00102973575763707,0.0459518567527421,chr11,57001051,57004709
APOBEC3D,0.918823,0.42338,0.446327,1.094821,0.256626,0.308423,0.523481,0.333335,0.538152,0.304863616406231,,0.251407,0.392502,0.284332,0.20864,0.138587,0.881867,0.306098,0.123912,0.354917,0.130638,0.30729,0.222696976483991,1.34499317378236,-0.504415645235668,12.561298769156,0.000393817953505975,0.0272105282000626,chr22,39410368,39429281
AR,0.469154,0.457713,0.740386,1.711194,0.806923,0.165387,0.813665,0.028219,0.649080125,0.517804094675759,,0.222041,0.173498,0.451102,0.549505,0.269293,0.258579,0.157631,0.207365,0.146263,0.134646,0.2569923,0.137902583765215,1.53115618678586,1.41438763313571,17.386218849654,3.05029622073546e-05,0.00778086597675802,chrX,66764465,66950461
ARHGAP36,2.698919,1.388844,3.026323,13.716276,26.680971,0.556891,37.817727,0.398284,10.785529375,14.2348175015719,,0.834169,2.340334,5.065809,2.51363,1.292811,6.1792,0.951736,3.650909,1.162681,0.893696,2.4884975,1.89932415431006,2.33756851633102,3.36233806492987,18.6543494517504,1.56689414188795e-05,0.00587626810337568,chrX,130192216,130223857
ARPP21,44.358841,14.959192,21.986798,15.741981,31.118316,35.090352,48.799872,4.303106,27.04480725,15.4502301478904,,41.922807,41.447288,91.134612,181.934709,70.124925,69.15151,48.03895,40.4615,56.902712,70.531742,71.1650755,42.2866290488168,-1.07519558562655,6.27603539017538,12.1366952650134,0.000494393064299298,0.0304524628976291,chr3,35680437,35835988
ARRDC4,27.581359,13.373164,34.200386,55.194729,11.799513,4.052653,8.378857,5.838436,20.052387125,17.7234978780448,,4.79587,19.277409,11.223907,11.386728,4.01949,7.696752,6.225725,7.716258,9.3355,6.695979,8.8373618,4.40891986502685,1.44977427619425,5.11558169885785,26.927412360503,2.11241458703629e-07,0.000612959348290429,chr15,98462784,98517068
ART3,8.201841,20.828022,55.719546,22.256752,3.89208,3.132387,8.156913,2.279376,15.558364625,17.9733801316792,,5.218365,8.946744,5.859238,9.028705,4.983691,4.563065,3.780206,6.397215,8.080132,6.485733,6.3343094,1.82924728491215,1.47822926652317,3.18837310957936,15.5999687208129,7.82558833088976e-05,0.011759267195843,chr4,76932337,77033955
ASCL1,7.731348,6.468699,10.087285,15.621736,11.121084,5.827545,7.000765,3.343027,8.400186125,3.79341681012779,,6.056948,2.31232,7.188458,7.940415,5.045345,3.484353,5.912055,6.886922,4.280897,3.753264,5.2860977,1.81722173296027,1.032293471062,3.48849666789577,16.4369664916409,5.02947844435171e-05,0.00965472321441333,chr12,103351464,103354294
ASPHD2,7.223443,1.954353,2.213653,2.842372,5.363371,3.654331,6.449955,0.432354,3.766729,2.37185029528383,,7.015924,8.330455,11.496056,18.89229,10.414289,4.399126,9.313702,8.448793,7.170002,8.421473,9.390211,3.86154802070088,-1.0353155126934,3.81304285010267,11.7032268837574,0.000623918055697456,0.0342057107359224,chr22,26825239,26840981
ATP10B,2.014965,5.532569,14.905685,2.563375,4.651025,1.550768,5.015871,0.611632,4.60573625,4.52433514763436,,1.209521,4.163341,3.30154,2.375903,0.957037,4.636089,3.610461,2.84676,1.415989,0.759388,2.5276029,1.39777894119059,1.16936326974679,3.81747964632866,11.7766620139616,0.000599779379391641,0.0339160372948856,chr5,159990127,160279221
ATP2B1,46.734896,10.978933,16.720322,15.318079000000001,14.464941,25.82434,33.134603,1.80962,20.62321675,14.1101347980018,,44.250481,69.937772,92.262146,139.06055,43.152373,25.666367,38.962383,35.822449,27.82274,53.00426,56.9941521,35.153575299542,-1.12740641058007,7.32368447323782,12.1706620302848,0.000485470724070069,0.0302106831135867,chr12,89981828,90103077
ATP6V1A,58.953052,12.112685,25.989385,25.227909,27.366446,18.594677,55.722871,2.476155,28.3053975,19.7497372771759,,64.291461,118.739121,152.819771,183.955655,54.973641,48.364157,52.704694,52.711538,34.447701,48.239805,81.1247544,51.6880442327231,-1.19118333503549,7.18657960641335,17.0875088870346,3.56963134251153e-05,0.00831871001214344,chr3,113465866,113530903
ATP6V1H,66.246873,16.781698,36.378583,44.824531,31.334669,33.655703,54.443573,3.63706,35.91283625,19.9175359296359,,58.513871,188.428743,164.491776,221.603559,59.812575,46.155114,60.626432,65.330311,50.097198,59.769697,97.4829276,66.4992336482249,-1.08706686650704,6.43228587681941,15.5892428255949,7.87010589490276e-05,0.011759267195843,chr8,54628117,54756118
ATP8A2,7.997439,2.003591,3.232344,2.011956,4.57697,3.215475,11.167435,0.423217,4.328553375,3.5608401604381,,11.264656,11.265426,20.019174,28.645146,11.183552,9.470786,13.19872,11.065489,5.745735,9.253544,13.1112228,6.55008743065641,-1.30178321888097,5.66233737405539,17.4708287533233,2.91750128023486e-05,0.0076844269766707,chr13,25946209,26599989
ATRNL1,7.03799,2.262614,2.77818,2.585543,3.915467,6.980196,6.856525,0.50438,4.115111875,2.53273506613889,,11.247287,15.476217,14.768459,53.086276,16.005283,9.37019,10.207945,6.531987,8.778636,21.064586,16.6536866,13.500789432776,-1.59903789446778,4.80663892537608,18.6118185309991,1.60224165245073e-05,0.00591507630105769,chr10,116853124,117708503
ATRNL1,7.03799,2.262614,2.77818,2.585543,3.915467,6.980196,6.856525,0.50438,4.115111875,2.53273506613889,,11.247287,15.476217,14.768459,53.086276,16.005283,9.37019,10.207945,6.531987,8.778636,21.064586,16.6536866,13.500789432776,-1.59903789446778,4.80663892537608,18.6118185309991,1.60224165245073e-05,0.00591507630105769,KE332501.1,66829,922450
AUNIP,0.962144,0.257083,0.329145,0.964736,0.541604,0.402753,1.522935,0.061881,0.630285125,0.482774002168254,,1.662863,1.520979,2.313515,2.937579,1.738845,0.638317,2.117077,1.406319,2.125137,1.418919,1.787955,0.624739836426154,-1.45849546081902,0.601825458118299,11.2530637828308,0.000794916980914584,0.0393022906520283,chr1,26158414,26185903
AZGP1,27.052055,50.206825,65.706308,12.143319,10.379517,18.470688,13.750841,8.423698,25.766656375,21.094679160533,,25.222978,12.355754,9.521814,6.255921,2.748969,19.061067,16.888849,20.694529,19.040475,2.96835,13.4758706,7.87684742346278,1.39613813467183,4.21233199107321,10.8968300330844,0.000963289710056595,0.0438153678640923,chr7,99564343,99573780
B4GALT6,17.034238,3.773033,6.539328,4.939898,7.683034,6.979344,12.72046,0.881049,7.568798,5.12137570734915,,16.815853,26.536421,37.9937,37.111099,14.732659,10.583065,20.969812,12.143488,11.745193,18.019445,20.6650735,10.0893596951436,-1.13365170212735,5.21132599158207,17.3225592998042,3.15420012977535e-05,0.00785061388987029,chr18,29202210,29265799
BAMBI,12.560522,6.331975,18.967984,18.843444,7.211141,4.877658,5.746961,6.556171,10.136982,5.88528707365745,,4.227236,8.648517,10.869825,5.9972,3.314626,6.371301,5.314553,8.22336,3.803716,2.172566,5.89429,2.7079301544724,1.2835637084843,3.30447482062045,22.8469709142807,1.75425581915354e-06,0.00191499677296906,chr10,28966271,28971868
BASP1,187.743896,73.943245,54.289368,61.926895,122.807663,151.173431,210.87327,15.534169,109.786492125,69.4025871095745,,247.774123,325.254096,322.348465,432.592783,298.695579,283.238053,230.60254,248.513212,278.677385,260.037588,292.7733824,58.4280954327168,-1.06947457369503,7.94181946672464,12.144127306211,0.000492426786137669,0.0304085795692689,chr5,17065707,17276943
BCL11A,12.751883,3.656041,4.389638,3.186387,6.010182,9.99816,10.241997,1.455292,6.4611975,4.04482779192196,,13.404795,25.243236,21.294864,28.915244,19.230627,10.662847,30.46526,12.014557,17.291806,16.431757,19.4954993,6.91802229381763,-1.32844541820052,4.946700567519,18.0723232099093,2.12670427495226e-05,0.00687109276426764,chr2,60678302,60780702
BEAN1,2.009462,1.434015,1.508346,0.778836,1.161791,0.680199,2.170142,0.564353,1.288393,0.6019987134234,,4.078578,6.801584,6.717349,6.847196,4.338989,1.693406,7.889374,4.153949,3.88083,4.909861,5.1311116,1.88501965514263,-1.74173761437803,2.21772651221857,28.7491661100358,8.23853863836536e-08,0.000324792270771194,chr16,66461200,66527432
BEST1,30.973664,63.993851,166.019842,67.717879,29.990439,13.263388,23.260611,10.851039,50.758839125,51.1654834419536,,9.771795,37.605478,37.192848,18.492782,5.785971,82.885995,24.289195,19.910172,21.560139,6.93178,26.4426155,22.7197087100139,1.32592841213659,6.64403214246908,10.874930786733,0.000974746717156429,0.0441591454766811,chr11,61717293,61732987
BEST3,3.823447,1.613294,2.917494,1.33294,2.262782,2.876407,1.412124,2.519046,2.34469175,0.867090051873136,,0.665777,0.6465,3.585449,2.248551,0.525471,1.55763,1.663895,1.307489,2.736225,1.157276,1.6094263,0.993128462055477,1.44309988621288,1.98118367142744,13.9051178869588,0.000192274202866003,0.0184860710256348,chr12,70037140,70093256
BEX5,58.768734,17.35956,23.279068,18.951968,47.988692,35.126939,70.068837,5.547083,34.636360125,22.4754451010447,,77.047549,186.499609,131.14782,163.188278,73.611426,56.721557,87.043311,79.660629,72.979267,62.114622,99.0014068,45.0658022531293,-1.11672678033833,4.14162145537767,16.1389021441735,5.88624560910471e-05,0.0104414182729625,chrX,101408680,101411029
BEX5,58.768734,17.35956,23.279068,18.951968,47.988692,35.126939,70.068837,5.547083,34.636360125,22.4754451010447,,77.047549,186.499609,131.14782,163.188278,73.611426,56.721557,87.043311,79.660629,72.979267,62.114622,99.0014068,45.0658022531293,-1.11672678033833,4.14162145537767,16.1389021441735,5.88624560910471e-05,0.0104414182729625,JH806594.1,25566,27915
BLOC1S5-TXNDC5,0,0.0,2.063979,0.0,0.0,0.0,0.0,0.0,0.257997375,0.729726773563315,,0,0.0,0.0,0.0,0.0,0.0,0.0,0.0,0.0,0.0,0,0,7.88068807359608,-2.13649214577225,16.2047422684985,5.68516188649454e-05,0.0103289511237177,chr6,7881755,8064597
BMP1,7.43077,4.770381,6.779969,7.085387,3.533701,1.717916,3.353478,5.937219,5.076102625,2.06825273647098,,3.250578,3.96474,3.307381,5.035571,1.406404,5.258841,4.215406,3.518721,3.866185,2.0204,3.5844227,1.19787463467278,1.15591152391462,3.46881032716484,12.6958256330814,0.000366472756011648,0.0262032647729591,chr8,22022249,22069839
BUB1B,0.42344,0.086654,0.08519,0.0,0.067811,0.0,0.115869,0.041502,0.10255825,0.136103165260506,,0.348208,0.22851,0.428609,1.106456,0.788288,0.669943,0.238505,0.501201,1.434055,0.254477,0.5998252,0.405941216160884,-1.77347141878468,-0.670459442344623,10.5951715391828,0.00113383378845706,0.0482122552892922,chr15,40453224,40513337
BX255923.3,3.545976,0.943958,1.316991,5.577449,0.550051,5.613401,3.882192,0.346821,2.722104875,2.20496491570206,,12.174952,42.030041,7.763843,28.327744,3.831988,4.345343,9.828715,3.240585,8.946229,2.957842,12.3447282,12.8366835788604,-1.62626897675325,3.63035229240953,12.1145205259015,0.000500307007676315,0.0306622137853918,chr9,69174213,69179458
BX470102.3,3.106166,0.933052,1.52467,2.340673,1.790331,0.45079,0.201623,0.499731,1.3558795,1.02217050772769,,0,0.509397,0.585766,1.296731,0.0,0.423115,0.0,0.518264,0.309133,0.0,0.3642406,0.40832902561706,2.39283426016112,-1.70573508404966,14.2873681781778,0.000156914350403231,0.0164553754610825,chr1,153506079,153507591
C10orf35,23.332468,4.686123,9.612933,13.589522,10.256704,8.050309,13.425355,1.520737,10.559268875,6.59027830796531,,17.223339,45.964071,44.158775,55.891105,22.593195,14.127353,20.732696,24.125741,12.848089,11.943853,26.9608217,15.7901264163237,-1.01795472506537,3.54595338272775,15.5647915633997,7.97254504773333e-05,0.0118497966800024,chr10,71390007,71393352
C11orf87,6.772532,1.393735,1.747078,2.509672,3.187153,6.501538,7.023321,0.103361,3.65479875,2.72726060306254,,7.789847,19.531788,16.048273,44.473164,14.668764,5.707342,10.986373,6.562724,5.217352,15.954897,14.6940524,11.6032835871518,-1.61533903321055,5.04860635608811,13.4269343114104,0.000248037129021334,0.0210902321011248,chr11,109292846,109299840
C12orf39,44.010028,26.282204,55.215309,82.818536,49.609579,7.964927,37.453904,6.342281,38.712096,25.3935759449348,,25.091974,21.59781,45.605092,18.400143,13.065665,14.097854,16.269013,25.949018,15.57465,18.447448,21.4098667,9.55108942265074,1.06112522561975,4.98656437641395,17.002625673752,3.73281623201289e-05,0.00847921222458258,chr12,21679241,21690311
C12orf68,10.663213,4.41017,5.208319,3.29157,9.452194,7.268784,10.891757,0.882628,6.508579375,3.66080556948978,,13.115329,20.873085,18.654995,33.093262,17.664499,13.51587,17.406408,16.591909,10.349083,13.312942,17.4577382,6.32868095779174,-1.06361520100805,4.16144284074065,14.3364076482452,0.000152879448719687,0.0162122047734348,chr12,48577366,48579709
C17orf64,0.199484,0.143457,0.554287,0.604725,0.0,0.0,0.269213,0.0,0.22139575,0.243089400228305,,0,0.0,0.0,0.0,0.0,0.0,0.175455,0.0,0.0,0.0,0.0175455,0.0554837426864843,4.54204661658923,-3.62252681109629,17.3170068757476,3.16342963700371e-05,0.00785061388987029,chr17,58469790,58508782
C18orf54,1.883091,2.105087,3.821944,1.590147,1.758444,0.58988,1.173369,0.524686,1.680831,1.04224191957256,,0.585162,0.755547,1.356034,0.692766,0.548339,0.729374,0.473612,0.349913,1.580487,0.237021,0.7308255,0.424851254673981,1.76232198346542,1.9333158922323,22.044400160505,2.6641578730592e-06,0.00209769671215433,chr18,51884287,51911588
C19orf33,2.477852,0.961966,0.949986,1.096989,0.600962,0.465195,0.292299,5.702027,1.5684095,1.79951711123742,,0.602765,0.411942,0.696273,0.995829,0.602828,0.144095,2.958305,0.823511,0.725227,0.11386,0.8074635,0.805697931673079,2.24013319604826,-0.657049878687598,10.7355234038873,0.00105098271449025,0.0463900770921538,chr19,38794801,38795649
C1orf115,37.941971,11.060036,10.676942,9.631783,11.404986,25.397026,29.33149,4.119305,17.445442375,11.8702860192344,,34.687134,44.877209,68.492561,117.299805,54.194378,26.458347,39.122875,35.619598,41.650505,44.506008,50.690842,26.0853318702471,-1.13061126475626,6.20993332218113,13.8026244081618,0.000203052395890161,0.0190116817888871,chr1,220863187,220872499
C1orf216,38.692499,7.803252,14.974674,14.454833,15.804778,14.936303,28.271109,3.014009,17.243932125,11.2984305315313,,37.320143,88.955139,64.377864,104.267288,46.894154,23.178552,37.356002,35.78367,33.177201,26.957857,49.826787,27.3548718334204,-1.2000230848506,6.01127808783449,21.9005008077308,2.87158972284951e-06,0.00219750343804385,chr1,36179476,36185073
C20orf166-AS1,0.220602,0.029136,0.072568,0.029888,0.0,0.23898,0.058206,0.0,0.0811725,0.0952148974343226,,0.38257,2.686541,1.22167,0.509213,0.399449,0.081138,1.931469,0.376894,0.131214,0.526824,0.8246982,0.859450193219906,-2.72468710746499,-1.48095215887475,15.7171581282122,7.35539177583852e-05,0.0114430901339,chr20,61141550,61148733
C20orf166-AS1,0.220602,0.029136,0.072568,0.029888,0.0,0.23898,0.058206,0.0,0.0811725,0.0952148974343226,,0.38257,2.686541,1.22167,0.509213,0.399449,0.081138,1.931469,0.376894,0.131214,0.526824,0.8246982,0.859450193219906,-2.72468710746499,-1.48095215887475,15.7171581282122,7.35539177583852e-05,0.0114430901339,GL582979.2,87861,95044
C21orf91,5.840229,10.108156,32.12947,9.483602,3.902078,1.542621,3.364432,1.121909,8.436562125,10.1369477845781,,2.032984,8.716059,7.775086,2.512693,1.636229,4.471489,5.218193,3.504527,2.488114,0.815038,3.9170412,2.63468075960695,1.49940316484855,4.23229948216192,14.5466374531681,0.000136732459009467,0.0153327176658359,chr21,19161284,19191703
C2orf50,0.693504,0.218742,0.365253,0.905472,0.37637,0.261509,0.351316,0.038765,0.401366375,0.274718664556481,,0.970367,0.968489,2.568786,3.130746,1.191254,0.502368,1.097645,0.522345,0.372355,0.886596,1.2210951,0.909390022299007,-1.28282039348122,0.309424522291742,11.6506810311641,0.000641790349509589,0.0347349113855523,chr2,11273179,11286916
C2orf80,30.508988,7.835612,13.1244,7.294074,19.656987,20.697483,40.11985,1.847381,17.635596875,12.8581961577109,,30.75933,81.626679,79.473215,108.080058,39.38322,26.55032,44.669174,34.206151,38.794291,45.388479,52.8930917,27.1129630176445,-1.15783487548966,4.62210409301223,13.2198472429384,0.000277000192976527,0.0228007021287786,chr2,209030067,209054797
C2orf88,5.696383,5.956319,13.588926,21.587704,6.316668,1.507573,5.717252,0.998507,7.6711665,6.80017944096089,,4.517114,5.525876,6.094369,3.650461,1.743023,4.603001,4.020215,4.903055,2.535179,2.406459,3.9998752,1.41667879076403,1.13235573441341,3.76223443350071,15.523128538233,8.15019330569481e-05,0.011926028338713,chr2,190744335,191068210
C4orf21,3.181571,3.673215,6.369619,3.32356,2.909805,0.443798,2.820773,0.218745,2.86763575,1.93150026371011,,0.83013,2.867086,2.97874,2.804432,0.407733,1.159609,1.032708,0.870978,1.503622,0.550622,1.500566,1.00167287866327,1.07398362346061,2.31372742593626,13.1446229178178,0.00028834554008208,0.0231266768111987,chr4,113460492,113558151
C6,0.839538,0.33381,0.218348,3.194231,0.620338,0.054933,0.205907,0.0,0.683388125,1.05296320830196,,0,0.219806,0.107193,0.0,0.0,0.102395,0.087389,0.211821,0.087167,0.0,0.0815771,0.0842249499303304,3.09746020361678,-0.412671828056452,13.0404511877139,0.000304834649059258,0.0235504520348932,chr5,41142336,41261540
C9orf152,0,0.029278,0.0,0.0,0.164313,0.0,0.049648,0.0,0.030404875,0.0572279099826487,,0,0.0,0.0,0.0,0.0,0.0,0.0,0.0,0.0,0.0,0,0,5.20041070883455,-4.12397859479209,11.9938582890777,0.000533761666951382,0.0316458089636238,chr9,112952328,112970469
C9orf91,20.322221,4.092133,7.336659,7.801724,7.140727,9.064471,13.690029,1.083279,8.816405375,5.90816209804475,,17.86703,29.516377,39.428391,38.049529,16.488191,15.418632,29.447436,16.832077,16.899799,20.897946,24.0845408,9.27693197788263,-1.16355509994414,5.44468071842107,17.1370882243561,3.47765402799443e-05,0.00821744042477934,chr9,117373486,117408702
CACNB4,9.600333,3.02686,4.375436,5.148016,5.56943,4.534184,8.063146,0.367422,5.085603375,2.84842282195669,,10.517358,8.921109,25.617488,32.09863,9.686812,9.414722,13.596417,7.811149,5.541346,12.028425,13.5233456,8.50952033311811,-1.09086887704036,5.45963306791927,14.257054534301,0.000159461978666949,0.016569123651249,chr2,152689290,152955593
CACNG3,30.750191,15.108429,7.453075,8.170653,16.094662,46.591389,39.991043,1.519132,20.70982175,16.4593004171641,,57.333263,72.820496,62.756943,90.919151,78.742195,43.491901,64.119751,46.532486,80.387314,67.64679,66.475029,14.9519998244885,-1.2996559776882,6.50288930812465,10.5509996672979,0.00116125264641591,0.0488562972614312,chr16,24266874,24374122
CADPS,34.592901,8.87778,11.718371,12.987711,19.339753,19.022594,36.802101,0.654452,17.999457875,12.42318590902,,45.642408,67.995795,71.790611,88.840171,29.838745,31.380595,33.579023,36.27769,29.364385,41.936087,47.664551,21.0122917964872,-1.25115400835525,6.44305928577671,14.2328393031939,0.000161526980349763,0.0166918090697568,chr3,62384022,62861054
CALHM1,0.718736,0.086108,0.142837,0.194487,0.363911,0.567418,0.45484,0.0,0.316042125,0.251974051143275,,1.026665,1.254942,2.584718,3.104047,1.087607,0.633412,1.67431,0.895086,0.300691,0.909326,1.3470804,0.875875488749298,-1.69090045150709,0.647798737431718,11.9123270483025,0.000557636954720984,0.0322887761849638,chr10,105213144,105218645
CALM3,572.84355,203.939401,256.508125,242.211533,467.869419,631.024249,832.963311,81.279388,411.079872,256.302884467612,,812.449539,1485.564311,1311.652457,1930.154926,1278.945426,733.008101,1206.874147,874.046253,1025.60468,1010.813698,1166.9113538,359.505576402669,-1.09290206098319,10.1423233263767,10.5160199784817,0.0011834409242619,0.0494226224926455,chr19,47104331,47114050
CAMK1D,13.032233,4.776354,5.833036,13.122924,11.433887,16.010438,16.115487,1.348825,10.209148,5.52488683410739,,21.123713,33.396166,24.708316,86.585784,26.381616,20.013718,19.270799,17.737903,17.786072,34.12207,30.1126157,20.7220045900285,-1.18140752540689,6.62944735082119,12.9600634877777,0.000318206389306863,0.0240583573031486,chr10,12391481,12877545
CAMK4,5.101329,1.492217,2.626805,2.355504,4.171051,2.879912,9.08088,0.248382,3.49451,2.70506420275643,,5.989825,12.479383,17.030374,18.921911,8.976954,3.089168,6.93642,7.362387,4.770064,8.225972,9.3782458,5.19655727834757,-1.12249698697693,5.57318061036072,11.2722659113991,0.00078673639773059,0.0391494687759979,chr5,110559351,110830584
CAMKK1,26.224762,5.268742,8.824386,12.308338,12.218127,19.272828,26.646746,0.978526,13.967806875,9.37928445082927,,25.536023,46.593559,49.237611,106.247671,36.996816,15.41932,35.591831,37.363169,21.160885,26.275805,40.042269,25.6247075031709,-1.16201158477949,5.86226425355605,11.9597240855582,0.000543629202510863,0.0319679938826456,chr17,3763609,3798185
CAP2,69.47654,16.377873,18.804126,22.214746,27.047841,31.884718,57.387608,1.405657,30.574888625,22.383853497105,,73.545159,140.123811,144.02092,189.632277,83.52086,61.768246,76.894157,55.560267,56.263068,105.955743,98.7284508,45.2840245807045,-1.41459119330659,7.0312055779863,17.7839943833555,2.47456191131268e-05,0.00720912064637772,chr6,17393447,17558023
CAPS,32.747127,31.566746,50.135864,159.606025,16.879709,2.956543,12.017301,2.658981,38.571037,51.5473071470488,,6.584577,47.528502,13.663053,6.392834,2.398322,12.755551,9.916983,20.031062,7.139938,0.764768,12.717559,13.4664564439762,1.50062167349553,4.53342318119057,11.2672250123385,0.000788875674712061,0.0391870531432187,chr19,5911718,5915888
CCDC163P,5.589431,2.933049,5.825892,16.083369,10.002626,1.382615,4.409889,1.017657,5.905566,5.01286218469492,,3.047266,2.763584,4.143236,3.486255,1.355242,2.385061,2.981051,3.877008,2.926147,1.409918,2.8374768,0.926409865642248,1.22201195064507,2.45854927554487,17.7161989163114,2.56433562291441e-05,0.0073177352368322,chr1,45959538,45965751
CCDC177,1.234322,0.184227,0.33368,0.890793,0.697749,1.14557,1.256192,0.006723,0.718657,0.493941821438806,,2.162348,2.816724,3.958608,5.706591,2.356225,1.288384,1.665673,2.859637,1.764077,2.058947,2.6637214,1.30836091026403,-1.52933474804026,-1.45252717065829,12.836618548788,0.000339901313186671,0.0249584570108376,chr14,70037483,70038032
CCDC177,1.234322,0.184227,0.33368,0.890793,0.697749,1.14557,1.256192,0.006723,0.718657,0.493941821438806,,2.162348,2.816724,3.958608,5.706591,2.356225,1.288384,1.665673,2.859637,1.764077,2.058947,2.6637214,1.30836091026403,-1.52933474804026,-1.45252717065829,12.836618548788,0.000339901313186671,0.0249584570108376,chr14,70038216,70040339
CCDC81,1.184825,1.120876,2.131781,4.372405,0.726107,0.471849,0.778572,0.186115,1.37156625,1.34502911203404,,0.273834,1.620648,1.026916,0.243868,0.287132,0.745269,0.480576,0.542685,0.223023,0.176091,0.5620042,0.45960177585959,1.51300343541881,0.248613585775607,14.2924110485373,0.000156494530076558,0.0164553754610825,chr11,86085778,86134151
CCKBR,5.391642,2.800843,2.206962,1.316593,2.694483,7.761653,6.024999,0.720739,3.61473925,2.48743925082465,,8.64035,5.629791,10.675807,24.311245,15.893401,15.433565,9.619018,7.846751,8.199487,10.149431,11.6398846,5.49368544125955,-1.25361196260862,3.43140041670035,10.8761483309685,0.000974106133273668,0.0441591454766811,chr11,6280966,6293357
CCL14,1.134587,1.1166,0.272667,0.247453,1.319927,1.041309,0.377243,0.591464,0.76265625,0.43673802518697,,0.07157,0.417945,0.102136,0.065073,0.0,1.061923,0.098208,0.934685,0.0,0.0,0.275154,0.401155362949458,2.34783885902655,-1.15088321958126,11.1679445220921,0.000832227792584497,0.0403562144667181,chr17,34310327,34329100
CCR7,0.717504,0.308246,0.87868,0.66471,0.434261,0.098505,0.141712,0.255781,0.437424875,0.28705733746137,,0.188996,0.334902,0.308341,0.128589,0.056824,0.205664,0.195937,0.21379,0.396711,0.111883,0.2141637,0.105592918531553,1.41901441841889,-1.02821099475511,12.1196841058559,0.000498923548363358,0.0306105543014827,chr17,38710021,38721724
CD2,0.488548,0.279402,0.357339,1.918093,0.463188,0.226042,0.236339,0.12654,0.511936375,0.581180120926609,,0,0.426413,0.066096,0.0,0.170912,0.304517,0.0,0.0,0.121823,0.0,0.1089761,0.150636126121082,2.52462391826895,-1.66112795794705,12.0258598888796,0.000524674876037134,0.0315101545488868,chr1,117297007,117311850
CD3E,0.820342,0.381214,0.682661,2.287706,0.24615,0.049723,0.777935,0.115869,0.6702,0.717758043467096,,0.03141,0.098613,0.13762,0.065515,0.316565,0.583428,0.125745,0.027503,0.230806,0.0,0.1617205,0.177278390727535,1.97434785099488,-0.992643500644462,12.5835223951365,0.000389162584942879,0.0269741591465487,chr11,118175260,118186890
CD3G,0.067832,0.016627,0.105459,0.525247,0.0,0.0,0.093222,0.056373,0.108095,0.173318729206379,,0,0.0,0.0,0.0,0.0,0.0,0.052625,0.0,0.0,0.0,0.0052625,0.0166414861866361,4.0624302272887,-3.35169715102334,12.848713498724,0.000337711344879536,0.0249013746734157,chr11,118215059,118225876
CD96,0.178764,0.129865,0.312268,0.583208,0.225307,0.041887,0.283351,0.087189,0.230229875,0.170220644294765,,0.030346,0.039498,0.094272,0.245239,0.086525,0.090144,0.0,0.05267,0.382082,0.0,0.1020776,0.120961557066882,1.91661241325244,-1.36650123005339,14.4759070660094,0.000141963723707479,0.0156209174012688,chr3,111011566,111384597
CDCA5,1.392933,0.224187,0.426734,0.325855,0.443538,0.333264,0.709691,0.133886,0.498761,0.39965751192883,,1.42606,1.988088,2.700408,3.503441,1.522254,0.967448,1.269529,0.33749,1.341259,0.967159,1.6023136,0.91842516119003,-1.31296562559394,0.657348380465229,11.6449650632998,0.000643765430917339,0.0347349113855523,chr11,64833772,64851636
CDCA7L,3.533633,4.458948,7.19915,4.141292,2.479402,1.727631,2.309823,3.08778,3.617207375,1.71860145868734,,1.648617,3.724882,4.156428,2.713065,1.759306,3.19879,2.930862,2.616305,2.091707,0.729853,2.5569815,1.02838049507533,1.03349570870768,2.30128917526353,13.8331408953648,0.000199781146528509,0.0189015465283951,chr7,21940518,21985702
CDH18,7.147814,1.182782,1.396863,0.947747,8.128061,4.390562,6.626663,0.352725,3.771652125,3.18290699508486,,8.880291,13.026998,23.11854,30.200878,9.060643,9.052284,11.569753,9.649865,6.881064,12.539039,13.3979355,7.42121680066702,-1.34583458762434,3.78480451766706,12.5339824105278,0.000399617182791651,0.0274260876690981,chr5,19473060,20575982
CDH22,2.800167,0.974047,1.001946,0.790285,4.343934,4.245583,4.83208,0.373888,2.42024125,1.8493680101134,,5.343129,5.916271,6.175107,18.414186,12.288973,5.790179,7.353553,6.37674,5.463992,7.494301,8.0616431,4.16555890467954,-1.34711038698812,3.65408971071568,11.2220548055548,0.000808309483602009,0.0396754644928571,chr20,44802372,44937137
CDH26,1.965083,1.008464,2.928471,3.141746,1.318604,0.392237,1.187591,0.776278,1.58980925,1.00076112755724,,1.088924,1.657959,0.748207,1.037174,0.128166,0.998262,0.681377,0.814891,1.217852,0.240602,0.8613414,0.451339412755756,1.24631786508939,0.926225721563187,13.8816001691067,0.000194695231538328,0.0185925738057066,chr20,58533471,58609066
CDH8,8.503401,2.108476,7.963589,4.257956,6.302965,4.292514,14.559523,0.552695,6.067639875,4.37869248958912,,13.755138,19.657061,25.51295,22.240452,14.294996,9.433092,14.791976,12.588809,8.870235,14.246766,15.5391475,5.36204099733099,-1.1261750115815,5.41837018272825,13.9958246277467,0.000183217044198486,0.0180080147921542,chr16,61681146,62070939
CDK14,24.177589,7.158534,8.248321,9.524302,15.666153,13.086668,26.628657,1.59999,13.26127675,8.58562277675367,,30.651941,37.113961,55.391333,74.471047,32.382312,24.753052,36.489951,23.080139,21.414874,38.769854,37.4518464,16.3025276667186,-1.18362435478009,6.31595818523426,16.9324870023158,3.87329963427029e-05,0.00855234344750381,chr7,90095738,90839905
CDK5,29.017492,7.259965,11.010683,11.977406,22.092548,16.110142,24.478879,2.717877,15.583124,9.03141362505532,,30.972051,59.093986,60.708907,77.492958,47.003435,23.582012,43.381191,48.809896,34.347546,32.771779,45.8163761,16.4458882088311,-1.0467251222342,4.88778903037038,16.134400616792,5.90025225122816e-05,0.0104414182729625,chr7,150750899,150755617
CDK5R1,59.188347,15.07545,20.326685,13.211757,24.476418,27.774431,36.680134,2.167399,24.862577625,17.2945740223658,,54.061218,90.713181,99.766023,144.880829,54.348724,26.827486,45.343262,41.910919,37.949611,49.04125,64.4842503,36.277137904016,-1.0195918064935,6.87026375409847,10.9706517097932,0.000925662007655843,0.042939510466693,chr17,30813637,30818274
CDS1,11.157804,2.683236,4.555733,5.961446,6.435072,4.524456,12.154616,0.288415,5.97009725,4.0098472499845,,11.038869,17.714725,23.699688,25.323967,10.478639,14.740124,13.095827,11.561802,8.516273,13.741652,14.9911566,5.62640452697464,-1.07830324347589,4.82958204796806,14.1025501357138,0.000173108931806261,0.0173811803178311,chr4,85504132,85572491
CECR2,2.654137,3.540987,6.732065,3.924075,3.575373,1.232907,3.51918,0.720779,3.237437875,1.83853847086409,,0.868534,2.28131,6.19177,1.732065,0.503706,2.512803,1.855694,2.410971,1.050763,0.631102,2.0038718,1.64885287620494,1.20927483725607,3.8722810770011,16.6357856442373,4.52884244750866e-05,0.00924192602102086,chr22,17840837,18037850
CFTR,2.706868,2.412347,8.803647,1.730832,2.556291,1.122827,3.764799,0.518693,2.952038,2.5681684299008,,0.971828,2.953687,2.84525,2.012875,0.353003,1.432826,2.033356,1.595948,1.171715,0.796069,1.6166557,0.85283210279138,1.65109764230358,0.90887957103308,16.5892861851628,4.64124721369392e-05,0.009247585784586,chr7,117105838,117356025
CHGA,64.822019,23.053092,15.868931,5.682547,32.633564,56.347541,41.059585,2.026007,30.18666075,22.8584673665303,,111.35387,149.363585,132.516434,178.189562,71.473919,163.396482,110.612139,88.240875,49.616266,47.078782,110.1841914,46.0945214117941,-1.39471434457137,6.44403503973081,13.146927243116,0.00028799114148492,0.0231266768111987,chr14,93389425,93401638
CHGB,36.177335,12.674747,16.588382,38.794694,52.990094,39.749841,126.042951,1.652585,40.583828625,38.4537398661701,,91.592214,109.953912,117.633532,191.157301,114.393208,135.339687,123.623008,82.556589,81.4256,102.399356,115.0074407,31.9848500507696,-1.25321291438819,6.97941688905085,10.9821915117178,0.000919915829470617,0.0428055564944752,chr20,5892076,5906007
CHL1,39.116708,9.770035,25.3337,15.748778,24.95108,21.034292,47.045814,2.188783,23.14864875,14.6950356062666,,39.854853,79.808906,88.132925,112.939719,37.287254,33.958496,46.041292,40.051111,25.824434,63.558017,56.7457007,28.3898488142857,-1.07227445813333,7.46888288165004,13.2827240269876,0.000267863013529892,0.0222416636263699,chr3,238279,451090
CHN1,465.27249,96.303119,111.361083,123.585165,170.659204,425.340826,362.100515,23.749331,222.296466625,168.955534201732,,560.801085,1060.875339,903.630254,1335.339031,662.672346,263.459578,601.082352,442.470485,572.883164,789.298229,719.2511863,313.266329861554,-1.34645160723819,9.31452564000559,12.3211286483966,0.000447859821072279,0.0287161010936922,chr2,175664091,175870097
CHRNB2,8.157475,2.411666,3.262429,2.64101,8.158137,7.977957,11.532765,0.479086,5.577565625,3.86453084949903,,11.98822,21.191599,25.033745,31.256327,13.297315,12.83986,17.344154,13.059212,11.499364,10.228316,16.7738112,6.93411325048158,-1.17351136002754,5.34336182205521,13.5672423155822,0.000230167287633775,0.0203977203934477,chr1,154540257,154552502
CHST6,4.707243,2.455448,4.596786,7.661803,4.2516,0.626535,1.800788,0.270672,3.296359375,2.47495733492542,,1.068542,1.335998,0.836789,0.580905,0.320221,3.494179,0.635196,1.772014,0.948241,1.558857,1.2550942,0.906535326920983,1.45552802684495,1.89753161489101,12.2801028618863,0.00045781313691205,0.0289994408615128,chr16,75510949,75529282
CHSY3,1.610564,0.432458,0.592741,0.690142,0.639452,0.930667,1.388745,0.1877,0.809058625,0.47970991440183,,1.13586,3.650433,3.643605,5.513444,1.496016,1.536392,1.344004,1.329293,0.98258,1.879038,2.2510665,1.50129334736777,-1.04045427286675,1.82665546275727,10.879152577178,0.000972527336233757,0.0441468880848941,chr5,129240165,129522327
CLEC2D,8.435199,4.145003,5.478231,14.935225,3.485117,1.681398,7.404159,1.476404,5.880092,4.4203460806411,,2.944058,4.818783,6.650174,2.906249,0.992596,3.89838,4.637597,3.004599,4.064036,0.540873,3.4457345,1.80600384163731,1.12743446464026,2.01896653776012,12.0329822075562,0.000522673845179595,0.0314543009337676,chr12,9817565,9848413
CLIC4,59.286038,60.228505,129.533802,85.786944,57.029535,16.429864,27.765224,19.953436,57.0016685,37.7558824343717,,30.125157,41.236593,53.762161,24.982467,15.681131,62.056199,27.70716,30.688977,40.857953,30.507797,35.7605595,13.9074994608034,1.00945593332038,7.00262194094881,13.4705789754023,0.000242333519372204,0.0210078328699944,chr1,25071848,25170815
CLMN,11.195801,12.846802,22.070203,10.955234,17.145982,3.63832,9.472268,4.958614,11.535403,6.02977019423558,,5.471155,13.141963,9.28035,5.485562,1.923511,8.90175,6.499903,6.729981,8.973084,3.803298,7.0210557,3.18629925929342,1.06653174186455,5.87287400848781,14.8225595417911,0.000118114095778015,0.0143054013688947,chr14,95648277,95786243
CLSTN2,16.442593,1.885903,2.839489,4.833948,2.308603,5.795166,16.970064,0.225863,6.412703625,6.58256123099087,,18.888513,18.435191,33.132586,34.849627,11.246053,12.830253,18.333452,14.121877,10.228392,15.764225,18.7830169,8.5676554170377,-1.32308653146182,6.7357866713247,11.810604051544,0.000588943216997825,0.0334852062604115,chr3,139654027,140296239
CLVS2,6.369497,1.963537,3.63832,2.734738,3.124013,3.782939,4.922835,0.220756,3.344579375,1.85185492796778,,7.314771,11.33453,13.880226,16.280331,5.678397,4.813492,7.494719,5.449657,4.394592,8.733124,8.5373839,4.05080819782792,-1.02604505860423,5.38246987967115,13.336659784253,0.000260267531673293,0.0219325744808437,chr6,123317116,123394072
CLYBL-AS1,0.635136,0.268186,0.518567,0.785632,0.898205,0.0,0.731774,0.150023,0.498440375,0.324847369037451,,0,0.0,0.215023,0.453786,0.0,0.0,0.082719,0.0,0.0,0.0,0.0751528,0.150007267900814,3.20608203108613,-2.85973246966247,15.3189077453535,9.08031004784689e-05,0.0126137589514071,chr13,100378501,100379745
CNGA3,0.893333,2.577668,1.448889,2.828709,2.942975,0.071151,1.10238,0.020891,1.4857495,1.18113262275907,,0.472974,0.456417,0.839409,0.519846,0.155133,0.380428,0.491896,1.358171,0.098709,0.153281,0.4926264,0.375452452732315,1.8464529951817,1.1466688952543,12.1354113672542,0.000494733544046668,0.0304524628976291,chr2,98962618,99015064
CNKSR3,0.697372,0.826766,2.143987,1.127511,0.697135,0.240803,0.39894,0.514216,0.83084125,0.59557991980296,,0.452449,1.086794,0.797958,0.322062,0.205064,0.592291,0.461112,0.481644,0.726357,0.357829,0.548356,0.260864023121455,1.07212296753284,3.23966864384096,11.5805239421217,0.000666461608920468,0.0353380659658775,chr6,154708638,154831793
CNTN5,8.298441,0.80865,1.621667,1.550613,1.590989,1.142039,3.635947,0.169687,2.352254125,2.60142405999436,,8.092673,2.348794,22.329667,14.081269,6.347252,0.97418,15.702144,6.274181,6.99059,6.838714,8.9979464,6.50700158044465,-1.60207303165863,4.05628285656861,14.8719425027901,0.000115061725330314,0.014195709027735,chr11,98891683,100229616
CNTNAP4,22.498853,32.194338,87.325512,21.764821,19.543102,6.365147,28.761138,9.03058,28.435436375,25.3679671363319,,12.080063,29.51776,28.982355,18.229275,9.86745,26.132485,16.828799,17.775581,16.456296,8.59005,18.4460114,7.53516065355332,1.01975124381836,6.15453379391902,12.8765751751372,0.000332720563206498,0.0247021875615863,chr16,76311176,76593135
COL26A1,4.877232,0.672692,0.936976,2.985958,2.416492,5.62106,3.024007,0.426963,2.6201725,1.92257302005337,,5.207204,9.486995,8.922404,18.704242,8.503054,2.953574,11.132329,4.529927,6.239807,6.965304,8.264484,4.42824541624543,-1.29001476624483,3.33871459931844,11.32389809506,0.00076515918512379,0.0387642656620839,chr7,101006101,101202304
COL4A1,14.396835,1.927912,2.135692,9.670225,6.312743,4.469792,3.859035,14.050607,7.102855125,5.03696620794041,,3.52814,5.527083,4.582533,4.656502,2.079132,6.812342,2.18836,3.069167,8.76446,4.799931,4.600765,2.07640843034767,1.52073935705297,4.97786107842034,11.1350980289154,0.000847094534870569,0.0407830859516876,chr13,110801318,110959496
COL4A2-AS1,0.096063,0.173436,0.0,0.317713,0.560166,0.0,0.249542,0.0,0.174615,0.197261127860654,,0,0.0,0.0,0.0,0.0,0.0,0.0,0.0,0.0,0.0,0,0,5.26065482873057,-4.07362513850007,19.5698707070154,9.69866953685913e-06,0.00490380318931068,chr13,111154922,111160526
COL4A3,2.680013,0.358064,1.044635,2.669424,0.657914,0.905754,0.452967,2.146436,1.364400875,0.978384677981072,,0.663888,0.817666,0.997086,0.97748,0.25212,0.724145,0.902618,0.37857,1.266285,0.247506,0.7227364,0.340948914804354,1.63227540390472,2.29419606165593,15.9119321124308,6.63590437871286e-05,0.0109918274473168,chr2,228029281,228179508
COL5A2,2.211227,0.779041,1.609683,2.241303,1.295557,1.39417,1.574055,0.488421,1.449182125,0.615084165851294,,2.035138,13.628458,4.068796,13.262763,1.5745,1.817233,3.411979,1.105909,2.593309,3.172555,4.667064,4.71350485138359,-1.12580266739366,3.61288728875124,11.2489351708775,0.0007966870702173,0.0393022906520283,chr2,189896622,190044605
COL6A2,7.83461,8.273693,4.491086,14.436248,3.748375,1.132576,3.223202,8.483195,6.452873125,4.19149340971348,,2.002907,6.168582,3.713722,4.604622,4.370077,6.273122,4.238204,3.346418,1.475158,1.235883,3.7428695,1.7726506004363,1.55848086415206,3.55544321422398,13.2283018776625,0.000275753523451843,0.0227633327690297,chr21,47518011,47552763
COL8A1,2.505843,3.488865,1.789258,3.138372,3.818903,0.709126,0.520633,0.765616,2.092077,1.33267015133528,,1.230502,2.156136,1.471471,0.530138,0.532563,1.617371,0.692107,0.608621,1.318372,0.304574,1.0461855,0.600379860758772,1.47002153762092,2.52614993650674,15.4087124586943,8.65881502139881e-05,0.0123346933905874,chr3,99357319,99518070
COLEC12,23.864266,9.186461,8.331461,24.874631,11.562423,4.594504,10.67056,3.19602,12.03504075,8.12572289146035,,10.51438,5.994995,10.459007,5.990476,3.621153,6.31005,2.281266,10.856698,5.015559,4.116839,6.5160423,3.07835545787805,1.05272848935691,4.38249605922346,17.6089207701319,2.71312667785259e-05,0.00752536218032094,chr18,319361,500722
COX6B1P4,0.062986,0.13227,0.0,0.187989,0.120815,0.0,0.0,0.0,0.0630075,0.0752511575535078,,0,0.0,0.0,0.0,0.0,0.0,0.0,0.0,0.0,0.0,0,0,4.003222210923,-4.58322119131137,10.9091626476635,0.000956897698522832,0.0437229763629424,chr8,26693334,26693817
CPLX1,34.102883,19.387274,7.716383,7.915906,21.040169,31.356395,39.621319,6.957188,21.012189625,12.9457320980552,,62.473986,45.674283,64.784443,70.753218,99.589775,63.645193,128.037048,53.002081,58.353517,47.307483,69.3621027,25.5947891361632,-1.32422007044959,6.08135940390749,13.8108213672685,0.000202168449144472,0.0190116817888871,chr4,778745,819986
CR1,0.732992,0.548982,0.578818,0.251324,0.847647,0.178154,0.228924,0.165875,0.4415895,0.269127490800497,,0.089058,0.221619,0.194175,0.084041,0.059692,0.510046,0.18635,0.235107,0.277291,0.034408,0.1891787,0.139727199916321,1.59547184033342,0.505508553536853,12.5105779481641,0.000404654407866035,0.0276753314771084,chr1,207669492,207813992
CREG2,22.395768,5.544922,6.578961,9.873457,8.65153,16.158842,25.529852,0.787466,11.94009975,8.62643115175349,,42.567535,53.463675,73.109187,127.945544,46.53042,21.70862,39.424164,20.085664,22.225988,53.454815,50.0515612,32.1096070956381,-1.68151870198043,6.70423422459624,19.1320921897992,1.21976561527688e-05,0.00535360195536712,chr2,101962013,102004057
CRISPLD2,10.249291,1.702931,3.284413,5.187139,5.485109,2.5366,1.276703,3.850866,4.1966315,2.87173148319566,,2.815704,1.884442,3.317102,1.307045,0.656604,2.225965,2.048369,2.019372,5.334224,1.121942,2.2730769,1.3289295778683,1.36548704105847,3.31073310128856,12.4802618083637,0.000411274552714933,0.0276850231225191,chr16,84853590,84954374
CRYGEP,0,0.0,0.0,0.0,0.0,0.0,0.0,0.0,0,0,,0,0.353638,0.572074,0.0,0.0,0.0,1.097598,0.0,0.839708,0.0,0.2863018,0.413987678903558,-5.55590262083182,-3.67669008474392,10.5433221439309,0.00116608631489684,0.0489505573953248,chr2,208972957,208977235
CRYM,82.226746,7.956259,19.837613,10.343369,17.501514,33.681183,66.335255,1.702821,29.948095,29.262212516789,,92.926401,312.216814,261.626243,256.879417,90.286896,39.884753,124.248943,111.808993,63.320179,71.226879,142.4425518,96.8477937813714,-1.89499464259087,5.96453391659428,21.7850888578676,3.04961032295886e-06,0.00224281016855633,chr16,21250195,21314404
CSPG4,5.021746,3.148676,5.501349,3.938542,3.6114,3.292172,2.69269,3.785028,3.873950375,0.949190491029358,,2.218501,2.164525,5.032215,4.373898,2.199075,2.617569,3.114889,4.760863,3.127063,0.978817,3.0587415,1.30361229252355,1.02510422559594,4.3691526923773,12.3420429361827,0.000442870100924223,0.0285429144623934,chr15,75966663,76005189
CT45A2,1.191683,0.257907,0.336126,1.54247,0.154881,0.0,0.636742,0.091043,0.5263565,0.560628064603823,,0.159949,0.106437,0.150067,0.431358,0.189198,0.096124,0.0,0.0,0.0,0.0,0.1133133,0.134221629832527,2.31509517130578,-2.0169078440385,10.6017970357833,0.001129778000501,0.0482122552892922,chrX,134866214,134874614
CTA-392E5.1,0.861378,0.871809,1.41576,1.180346,0.654241,0.0,0.727268,0.39696,0.76347025,0.439325577139958,,0,0.323746,0.206359,0.0,0.0,0.408398,0.0,0.0,0.0,0.0,0.0938503,0.158501891927054,3.38915137983421,-2.54293718590275,17.4886018625083,2.89035339828497e-05,0.0076844048165014,chr8,86851934,86963312
CTB-51A17.1,0,0.0,0.0,0.0,0.0,0.0,0.0,0.0,0,0,,0,0.308759,0.375856,0.484314,0.374451,0.769193,0.0,0.0,0.645556,0.377973,0.3336102,0.268675725340997,-6.11333551982831,-3.28210334272458,22.8057608963685,1.7922765538392e-06,0.00191499677296906,chr5,13860447,13897880
CTC-339F2.2,0.242574,0.143078,0.547139,0.27034,0.0,0.0,0.314082,0.0,0.189651625,0.193709595707402,,0,0.0,0.0,0.0,0.0,0.0,0.0,0.0,0.0,0.0,0,0,4.07885429131039,-4.56564292174464,16.0361493075397,6.21445551749985e-05,0.0107551008281213,chr5,115638051,115639831
CTC-340A15.2,0,0.0,0.0,0.0,0.0,0.0,0.0,0.0,0,0,,0.212209,0.0,0.0,1.326532,0.153804,0.144666,0.167562,0.0,0.099544,0.0,0.2104317,0.400621011931351,-5.59312680494329,-3.61439333616929,14.968615799681,0.000109314222622202,0.0138797199840195,chr5,163723702,164598649
CTC-348L5.1,0,0.159546,0.18585,0.0,0.0,0.0,0.280978,0.125277,0.093956375,0.109554753827791,,0,0.0,0.0,0.017185,0.0,0.0,0.0,0.0,0.0,0.0,0.0017185,0.00543437415899936,4.59446694062938,-4.10925723414242,12.588937893672,0.000388036591968857,0.0269741591465487,chr5,160040880,160066190
CTC-478M6.1,0,0.0,0.0,0.0,0.0,0.0,0.0,0.0,0,0,,0.344489,0.261217,0.28031,0.474599,0.312742,0.202834,0.147998,0.029559,0.0,0.085986,0.2139734,0.14981420524414,-6.57606692200708,-2.94030623598322,36.8915253603527,1.24887613311867e-09,3.53613032711885e-05,chr19,29281719,29283778
CTC-523E23.14,0.152873,0.0,0.429556,0.291032,0.0,0.139653,0.0,0.0,0.12663925,0.162036635881034,,0,0.0,0.0,0.0,0.0,0.0,0.0,0.0,0.0,0.0,0,0,4.40485380308224,-4.47870251760475,11.896760896041,0.000562316432436779,0.0324271051450737,chr19,35393106,35395099
CTC-563A5.2,1.70206,1.043828,1.711596,1.522733,1.746246,0.537331,1.355323,0.0,1.202389625,0.637398220629758,,0.21339,0.624469,1.036945,0.580332,0.113777,0.212016,0.678979,0.264776,0.470213,0.33017,0.4525067,0.282654313553205,1.68968191430238,-1.67860337279062,15.4127085653342,8.64052380374283e-05,0.0123346933905874,chr5,179390615,179391419
CTC-575D19.1,23.433059,6.497509,40.886896,24.249937,6.283387,4.046464,23.927464,7.309307,17.079252875,13.0893679950146,,7.566097,17.716,15.296015,12.470161,4.670824,10.312,7.081873,10.027616,9.206921,2.168878,9.6516385,4.68289544171621,1.20989860225116,2.48223162075064,13.9833170685522,0.000184439926176508,0.0180080147921542,chr5,168043317,168044059
CTD-2184D3.5,0.157387,0.727429,0.874806,0.630583,0.700295,0.418618,0.695455,0.303069,0.56345525,0.244409526950596,,0.21374,0.0,0.358497,0.413839,0.0,0.278876,0.10967,0.220443,0.0,0.0,0.1595065,0.159665907316392,2.41467881449628,-2.38654850390096,15.2829507515318,9.25480652193221e-05,0.0127118921782382,chr15,52348872,52392720
CTD-2184D3.6,1.482636,0.564812,0.371107,0.77398,1.670553,1.510951,4.304321,0.116202,1.34932025,1.32573800898451,,3.36845,2.579217,5.603156,6.364245,5.170673,3.455855,8.344327,3.28199,3.710169,9.745282,5.1623364,2.38547773024302,-1.72724781728441,0.983039355324551,13.0563909694513,0.000302251281721096,0.023478995655122,chr15,52408771,52414328
CTD-2234N14.2,0,0.0,0.0,0.0,0.0,0.0,0.0,0.0,0,0,,0,0.312873,0.0,0.87694,0.333843,0.0,0.0,0.0,0.0,0.813849,0.2337505,0.348699434195842,-5.55298347160861,-3.69374855295276,10.4871412774534,0.0012020822038383,0.0496881117672693,chr11,126989221,127009630
CTD-2275D24.3,0,0.0,0.0,0.0,0.0,0.0,0.0,0.0,0,0,,0.265993,0.570301,0.195604,1.545502,0.41476,0.0,0.0,0.0,0.0,0.705972,0.3698132,0.485985500116527,-5.90642073399056,-3.43994050726144,16.4405474392231,5.01998676871893e-05,0.00965472321441333,chr5,73623820,73630591
CTD-2291D10.1,0.139356,0.0,0.0,0.066573,0.101349,0.0,0.085016,0.0,0.04903675,0.0562069852261646,,0,0.0,0.0,0.0,0.0,0.0,0.0,0.0,0.0,0.0,0,0,5.02059488825776,-4.1791698253146,15.3090816512834,9.12766392464449e-05,0.0126379090559583,chr19,23229760,23244554
CTD-2308L22.1,0.367492,0.098378,0.06678,0.191967,0.12001,0.339185,0.532091,0.065479,0.22267275,0.171643927837128,,0.499186,1.04015,0.557159,1.878772,1.561653,0.442876,0.927599,0.549283,0.629007,0.685127,0.8770812,0.487703749476348,-1.61889089845014,-0.409329751917637,12.4627272923781,0.000415153336810227,0.0277892651421115,chr2,222437226,222439174
CTD-2369P2.12,0,0.0,0.0,0.0,0.0,0.0,0.0,0.0,0,0,,0,8.197603,0.0,0.0,0.0,0.0,0.0,0.0,0.0,0.0,0.8197603,2.59230968338293,-8.45905125391539,-1.32667645997631,11.2230068067687,0.000807894949209057,0.0396754644928571,chr19,10426147,10431354
CTD-2369P2.2,2.004419,0.791321,1.997632,1.311366,1.403575,0.851342,0.696914,0.797749,1.23178975,0.538854540712784,,0.864253,0.420894,1.070467,1.57259,0.460677,0.887546,0.966879,0.777561,0.544333,0.57075,0.813595,0.347231424649965,1.09776595454552,0.312383527188793,11.2839267916816,0.000781810144473598,0.0390394349297674,chr19,10332111,10333870
CTD-2555A7.2,1.155127,0.229012,0.413626,0.268011,0.17231,0.440713,0.990813,0.021258,0.46135875,0.402305332633863,,1.544881,2.166855,2.696388,3.362878,1.553629,1.846263,1.392461,1.629345,1.487487,1.419248,1.9099435,0.651969513067095,-1.78508080351392,0.685511863069076,22.471238143064,2.13313809152167e-06,0.00198028650794722,chr16,89112580,89119373
CTD-3064M3.7,1.500067,0.143156,0.144443,3.51307,0.37167,0.256211,0.195525,1.181078,0.9131525,1.17104332462577,,0.426927,0.403392,0.376026,0.208917,0.070778,0.219585,0.29888,0.175246,0.729902,0.163532,0.3073185,0.188076280975005,2.12205572891083,0.410775921570308,14.0134011338696,0.00018151235333983,0.0179149587621007,chr8,142444645,142448054
CTD-3187F8.15,0.600936,0.042156,0.0,0.52726,0.247016,0.0,0.115988,0.0,0.1916695,0.245379255902252,,0,0.0,0.0,0.0,0.0,0.0,0.0,0.0,0.0,0.0,0,0,4.82122534599872,-4.26575819580399,17.7194585191867,2.55994534572908e-05,0.0073177352368322,chr19,51641227,51641891
CTD-3199J23.4,1.940063,3.899226,0.704371,7.44936,7.870502,0.789948,4.639153,1.782465,3.634386,2.84239736818512,,0.853623,1.702309,0.889786,0.985293,1.239004,3.764212,2.377574,1.402083,0.866332,1.313746,1.5393962,0.912336464345839,1.63401158507443,2.31647568112572,14.5757107166426,0.00013463887072937,0.0151579813330685,chr17,41181274,41184051
CYP1A1,0.345429,0.077018,0.249685,0.231221,0.234214,0.181505,0.275412,0.0,0.1993105,0.111427968862656,,0.370465,0.512958,1.636303,1.370627,2.148287,0.350747,1.130173,0.48872,0.401443,0.13802,0.8547743,0.673678938604873,-1.71123973769824,-0.235623086792066,10.7217298895746,0.00105884633048984,0.046481712286286,chr15,75011883,75017951
CYP26B1,7.747747,1.329962,2.113923,0.725358,1.944116,3.271014,6.73846,0.447893,3.039809125,2.75043508155089,,4.782061,17.676828,15.871373,18.257833,8.231042,3.665808,8.088753,9.797494,4.010146,7.071201,9.7452539,5.57352606876733,-1.32258361302044,4.15889655985241,13.1237467129548,0.000291576342249747,0.0231550974544021,chr2,72356367,72375167
CYP4F12,4.161835,1.869594,4.209353,23.215049,0.991226,0.387775,2.871795,0.219497,4.7407655,7.62610955602887,,0.841034,0.873111,2.066816,0.483218,0.030251,0.55249,1.890855,1.846563,0.697984,0.056028,0.933835,0.748035918384643,2.42439901063194,1.57231354925471,19.0741610248806,1.25735764372287e-05,0.00535360195536712,chr19,15783567,15807984
DCAF6,32.650995,14.163535,15.826956,21.64936,15.673227,21.99258,28.2683,5.260301,19.43565675,8.61902934161839,,36.897605,53.444521,48.064706,108.588522,52.154632,38.514702,37.869285,31.474543,47.755086,57.76282,51.2526422,21.8489993509702,-1.06381989426068,6.17457267953004,18.3992387248645,1.79129533398934e-05,0.00622082042088235,chr1,167905021,168045081
DCLK1,71.20234,19.947008,33.323806,65.415244,36.835401,24.097637,56.28249,2.70394,38.72598325,23.8214943816859,,67.542067,165.983326,129.626431,127.061339,60.454525,108.298712,79.10182,77.373879,41.238582,53.186818,90.9867499,40.0426691588186,-1.00747654428758,7.60623828479033,15.1023401722153,0.000101836967791355,0.0131966261992143,chr13,36345478,36705443
DEFA3,1.512607,0.0,0.0,0.0,1.455294,0.452015,0.0,0.894814,0.53934125,0.663729543251456,,0,0.0,0.0,0.0,0.0,0.0,0.0,0.0,0.0,0.0,0,0,7.28954361189924,-2.88763767414128,24.4171537244202,7.75748788705444e-07,0.00126689806309549,chr8,6873391,6875823
DIRAS1,21.159007,4.629721,0.847722,5.446683,2.835563,2.951397,16.361463,0.774919,6.875809375,7.61912985564688,,24.947094,8.875955,11.738228,89.977878,36.01772,33.766795,39.569386,29.969919,19.925072,17.258173,31.204622,23.0793756941801,-2.15008573164594,5.16759457852887,10.4986469997808,0.00119461988112459,0.0496199741708609,chr19,2714565,2721416
DIRAS2,70.274979,9.083443,7.625191,8.947971,10.277893,20.951097,36.141071,0.96538,20.533378125,22.7973272768933,,54.987705,128.125244,131.946304,101.44799,50.568443,29.734667,54.168781,46.718285,38.236645,36.828819,67.2762883,38.3794414852579,-1.42684551310795,6.82271090035798,13.49154546805,0.000239640740783681,0.0209746762130434,chr9,93372114,93405386
DLG3,13.928818,4.484321,6.583841,8.510957,9.001846,8.845358,16.63588,1.552299,8.692915,4.83744343067959,,14.608158,35.401964,32.191375,37.035775,16.349157,8.973368,20.449774,15.92734,14.743378,12.390959,20.8071248,10.1972703799436,-1.05067272076545,5.58391058869274,16.9918251527494,3.75411064867744e-05,0.00847921222458258,chrX,69664711,69725337
DLGAP1,36.899806,11.684929,10.441271,9.801361,18.172359,25.35622,48.264054,1.587709,20.275963625,15.6726090062464,,47.218074,62.505431,86.475423,109.980645,52.312957,37.295129,59.782113,34.303211,40.79612,64.015195,59.4684298,23.5365604030154,-1.3348822246204,7.02915578601358,14.4409108559092,0.000144626125522461,0.0157426201807806,chr18,3496030,4455335
DNAJA1P6,0.135832,0.029992,0.085283,0.254809,0.082097,0.0,0.0,0.0,0.073501625,0.0886974594948428,,0,0.0,0.0,0.0,0.0,0.0,0.0,0.0,0.0,0.0,0,0,3.76116649214455,-4.66837045455627,13.2110010453138,0.000278310682860315,0.022808184746305,chr22,17997708,17998061
DNHD1,6.47561,4.680479,8.318864,10.515243,4.977554,2.117995,5.346879,1.552494,5.49813975,2.97703629615724,,2.726791,7.154523,6.017378,8.909112,1.247049,4.152096,3.634675,3.085297,3.678383,1.794626,4.239993,2.41992729569768,1.03575010846966,4.14993749438821,21.4359889481497,3.65839517595253e-06,0.0025896407552377,chr11,6518490,6614988
DOCK5,9.051471,13.620949,33.236488,10.600979,10.612639,4.130105,8.0459,2.350316,11.456105875,9.52074232301357,,6.026067,11.90901,8.150906,4.403053,1.935787,9.850453,8.964943,7.344866,6.536435,2.002163,6.7123683,3.25291082323649,1.15383054653959,5.66825470378874,13.6998531670706,0.000214471254093868,0.0195742918041156,chr8,25042238,25275598
DQ-A1,0.946054,5.027251,0.0,0.946864,0.0,0.410506,4.706298,0.0,1.504621625,2.11361195208283,,0.215722,0.0,0.0,0.052492,0.0,0.370055,0.0,0.192575,0.0,0.0,0.0830844,0.130931300800755,4.50050217737716,-0.255277569511514,12.236232150818,0.00046870381727216,0.0294586331501722,GL000251.1,4055571,4061793
DUSP4,1.430169,0.786642,0.694402,0.62656,1.289672,0.231321,1.199329,0.31969,0.822223125,0.445278188586621,,1.700077,7.075809,1.912654,4.920071,1.959542,5.375544,1.922426,2.00598,1.09947,0.441217,2.841279,2.15905014028345,-1.28284249738051,2.61650209197955,12.1421594282656,0.000492946653562465,0.0304085795692689,chr8,29190581,29208185
DYNC1I1,45.495697,11.765361,24.032094,14.338752,25.166996,23.694011,52.394152,2.412893,24.9124945,16.7848465654459,,66.279098,112.977422,120.504113,129.560182,51.953947,48.636515,65.738398,52.421645,45.551858,46.837271,74.0460449,33.397807360227,-1.22832657995361,6.43655797430566,19.8093355512143,8.55637502441276e-06,0.00448647186349509,chr7,95401866,95739634
ECM2,11.489954000000001,10.365454,8.904576,33.349377,5.529856,0.219287,3.836256,1.839772,9.4418165,10.46408773102,,2.521812,5.419713,4.969161,2.59038,1.299862,5.568257,1.930407,2.929532,1.29553,0.363235,2.8887889,1.84084929295309,1.97182758514979,3.43806253024956,19.3386482271686,1.09468075657542e-05,0.00520930055160583,chr9,95256365,95298937
EDN1,11.256985,9.451064,4.80204,22.94982,26.015476,13.855009,13.053478,14.175397,14.444908625,6.93494773530904,,18.296579,9.576107,11.100081,6.173969,2.55212,11.917933,6.235929,6.622254,10.340877,6.288713,8.9104562,4.36663070243423,1.37309323623771,4.15401885261405,14.1228003701039,0.000171255361350685,0.0172562630923985,chr6,12290596,12297427
EEF1A2,142.038002,42.225105,40.186218,38.064557,110.133703,121.201304,168.386093,19.670718,85.2382125,56.6406911401466,,207.535679,269.808724,305.508759,422.560462,274.050266,156.624623,282.977524,241.319878,256.67482,160.97823,257.8038965,76.6482573243075,-1.19206591224896,7.62002088033685,13.9881826521885,0.000183963237035255,0.0180080147921542,chr20,62119366,62130505
EFNB3,22.873032,5.384272,8.380477,11.719883,20.104368,16.379805,44.965145,1.610096,16.42713475,13.6166299579629,,31.869766,45.745064,62.591179,73.944611,36.775208,34.17149,39.655766,46.237568,23.928167,34.355927,42.9274746,15.0906862900699,-1.07418273549227,5.89715649512712,11.7508786981559,0.000608145206264702,0.0339322626293737,chr17,7608520,7614696
EGR2,0.208178,0.27827,0.306854,0.484681,0.297767,0.08906,0.57748,0.17459,0.30211,0.16046601475969,,0.362875,1.434937,1.018835,2.037971,1.927628,1.361357,0.573119,0.806872,3.298694,0.827966,1.3650254,0.873345406429171,-1.77452605739869,0.771019660674181,16.5065403854995,4.84825455547551e-05,0.00948364628503719,chr10,64571756,64679660
EGR3,4.357861,1.506298,2.392853,3.050296,4.159146,9.126237,8.363548,0.381629,4.1672335,3.11779523863996,,6.77976,17.496453,10.806082,33.691104,25.088322,4.83582,8.410632,12.900038,25.054636,18.416304,16.3479151,9.35867650900687,-1.62863586833874,4.89315723105608,13.6989990989245,0.000214568811179773,0.0195742918041156,chr8,22545172,22550815
EGR4,0.878443,0.569181,0.409128,0.450053,0.911092,1.17859,1.043471,0.127673,0.695953875,0.361552863654399,,0.682376,1.797223,3.581187,2.402398,3.087501,1.686741,1.57523,3.658114,4.161423,0.88707,2.3519263,1.21663153264194,-1.35200211507324,1.29156791795713,10.7565067783341,0.00103913330905246,0.046116833979884,chr2,73518058,73520833
ELAVL2,15.173867,5.374229,4.026171,1.741578,7.337859,7.182913,14.604148,0.297999,6.9673455,5.46193128426002,,21.058346,12.227382,34.905518,55.761457,16.446457,13.255638,19.096119,12.503269,9.865171,25.970688,22.1090045,14.0301536297584,-1.3623687045893,5.00607825795466,12.0928056008289,0.000506167518575775,0.0309209928904289,chr9,23690102,23826335
ELAVL4,27.850536,7.111418,9.596561,3.357611,11.27363,20.755414,30.070527,0.968837,13.87306675,11.0385913347609,,40.858069,47.305198,65.264889,96.672209,39.703956,47.84362,46.996527,30.747919,28.303941,59.404671,50.3100999,19.8625162114933,-1.54771958713828,6.24111693988355,18.0308397138942,2.17355166465866e-05,0.00695401453208786,chr1,50513686,50669458
ELMOD1,24.332664,3.629664,4.731765,8.019124,19.017284,12.658091,42.150295,1.254878,14.474220625,13.7114701311703,,28.139666,64.732824,64.135853,90.905478,32.165312,28.044041,35.80293,25.885693,21.688693,42.405401,43.3905891,22.5427310776752,-1.30758971793592,5.58988900214264,11.6139780779794,0.000654579942832313,0.0350593743885453,chr11,107461817,107537505
ELN,8.471317,9.464072,18.966452,30.4215,4.600674,1.516734,6.488796,3.502193,10.42896725,9.66773340005146,,3.225579,6.538124,8.687684,7.625495,4.002979,4.3611,5.299042,5.996077,3.721047,1.829841,5.1286968,2.10846106052679,1.2687063524321,2.61602811482344,16.6620945515508,4.46646153610388e-05,0.00919750001192825,chr7,73442119,73484237
ELN,8.471317,9.464072,18.966452,30.4215,4.600674,1.516734,6.488796,3.502193,10.42896725,9.66773340005146,,3.225579,6.538124,8.687684,7.625495,4.002979,4.3611,5.299042,5.996077,3.721047,1.829841,5.1286968,2.10846106052679,1.2687063524321,2.61602811482344,16.6620945515508,4.46646153610388e-05,0.00919750001192825,JH159134.2,1557025,1599143
ELOVL4,11.753367,2.395191,4.115139,3.018477,4.877435,3.919686,7.780506,0.25462,4.764302625,3.54743222243965,,11.828118,25.4811,24.737343,34.383282,10.238345,8.606177,10.135795,8.578537,6.184896,11.044699,15.1218292,9.49908657393223,-1.33913524741382,4.14897256685335,17.3149925390152,3.16678467013458e-05,0.00785061388987029,chr6,80624529,80657297
EMILIN3,2.06759,0.995735,3.423809,2.733142,1.322414,1.33439,1.087775,2.017911,1.87284575,0.860492794579901,,1.088091,0.921605,2.191964,1.657486,0.761892,0.638477,1.104497,2.844016,0.662416,0.174255,1.2044699,0.805772170052284,1.3238826604609,2.07509578312238,11.0917468397733,0.00086712764546326,0.0412296989378161,chr20,39988606,39995467
EMP1,50.438293,13.323744,22.684541,59.291844,45.569657,6.000155,8.175324,10.534938,27.002312,21.4111861076673,,17.329235,14.6586,17.603141,4.534334,2.243511,15.225269,6.795765,13.404421,24.899341,16.87364,13.3567257,6.90399622101485,1.26732328160585,5.06947760662904,10.5569387316169,0.00115752739932182,0.0487720380180026,chr12,13349650,13369708
ENC1,117.093514,23.135088,34.351583,40.946952,43.872387,95.174535,150.26568,1.504507,63.29303075,51.57485835295,,196.113995,247.997862,307.840898,799.324479,262.540143,155.901039,172.699939,133.824983,177.054624,235.164382,268.8462344,193.931197531902,-1.7447039990672,9.11820806136887,15.7187515105422,7.34919848414335e-05,0.0114430901339,chr5,73923234,73937249
ENPP5,9.594236,4.118163,6.44009,8.158605,6.493787,5.10354,10.441426,0.269297,6.327393,3.25291728807613,,13.164657,17.859594,29.866712,28.246014,10.734618,24.704336,12.99183,11.217635,10.736922,12.91348,17.2435798,7.53450819345654,-1.10067829286507,4.49484391236237,15.4472603325873,8.48398384861322e-05,0.0122643827213849,chr6,46126924,46138708
EPHA4,15.029641,2.595954,4.838224,7.72558,3.138329,10.243127,9.687481,1.246969,6.813163125,4.69865526187147,,14.531694,28.360076,32.67159,60.754957,18.767993,13.247108,18.492848,11.122441,10.037919,19.099314,22.708594,15.1885204661264,-1.61245541293581,5.7010064029157,23.0750962583434,1.55795593697492e-06,0.00187713801606283,chr2,222282747,222438922
EPHA5,7.474334,1.528166,1.70351,1.127472,3.271711,1.163659,5.773179,0.209925,2.7814945,2.5610339897678,,9.548882,14.379523,22.616941,17.403426,10.381052,3.984737,9.96119,5.724002,7.297961,10.683157,11.1980871,5.59175476177691,-1.73408103261212,4.79003032790718,24.2340863905968,8.53090275560378e-07,0.00130566619499213,chr4,66185281,66536213
EQTN,0,0.203034,0.267447,0.240635,0.462562,0.0,0.225866,0.0,0.174943,0.165095009009098,,0,0.111784,0.0,0.0,0.0,0.0,0.0,0.0,0.0,0.0,0.0111784,0.0353492045964262,4.08601062653976,-3.53417420382664,11.6225284733136,0.00065157763933182,0.0350077705291477,chr9,27284656,27297137
ERBB3,17.239342,45.782423,80.112757,26.812402,25.178454,7.06781,18.324907,11.167214,28.960663625,23.7992826176337,,12.96868,30.25665,17.261064,12.044939,7.010874,24.353546,26.697012,18.21261,15.787869,5.24673,16.9839974,8.20282398710581,1.11883530407683,6.01531544592378,11.5434722651943,0.000679875442798262,0.035847920344714,chr12,56473641,56497289
ESM1,0.642612,0.22699,0.203217,0.63772,0.21519,0.0,0.291685,0.249042,0.308307,0.22214594084263,,0.097001,0.182311,0.105737,0.194257,0.087258,0.109302,0.0,0.097055,0.087713,0.0,0.0960634,0.0632059692209174,2.11595681376202,-1.6617087490962,14.4930967642219,0.000140674113540885,0.0156145592897959,chr5,54273692,54318499
ESRRG,3.655343,0.800146,1.38059,1.110603,0.780701,0.652563,1.291709,0.134849,1.225813,1.0584572780888,,2.679723,3.72058,8.904931,5.244244,1.88957,1.442928,3.036944,1.853113,1.324924,2.141336,3.2238293,2.32242891776649,-1.09245420648753,2.77849575507895,12.2757146360773,0.000458890899058491,0.0290352320924953,chr1,216676588,217311097
EYA4,0.489261,1.235562,3.213126,1.330022,0.468983,0.241779,0.804853,0.106807,0.986299125,1.00103071941638,,0.427355,1.291892,0.50226,0.803839,0.202334,0.27289,0.241068,0.266026,0.094971,0.167624,0.4270259,0.366353987539511,1.3607653475738,1.03304087328293,10.9444383546476,0.000938850013395306,0.0432949001698394,chr6,133561736,133853258
FABP3,68.112591,39.662091,40.238639,44.328596,50.086299,81.921266,108.165675,11.5136,55.503594625,29.7693377259322,,195.030709,140.269377,159.845059,345.153321,196.232107,278.900899,163.906729,90.604265,138.389129,168.85003,187.7181625,73.8179680941994,-1.40211356422046,5.82433172222511,21.3741936551705,3.77822623649204e-06,0.00264144658699146,chr1,31838472,31849697
FADS6,2.00242,0.293155,0.591246,0.242034,0.911483,0.540937,1.946241,0.104379,0.828986875,0.749112540820219,,1.801423,3.317351,3.924288,4.971134,2.205138,0.950277,3.266009,2.5806,1.163317,1.486447,2.5665984,1.29711992148231,-1.31562057256421,1.06245299101351,11.3517698758684,0.000753761029430303,0.0383825037333829,chr17,72873428,72889708
FAM102B,14.069235,2.134726,5.770302,4.540111,2.698719,2.861433,7.782182,0.401085,5.032224125,4.3097446626846,,10.528242,12.146648,32.915099,28.911638,8.549391,9.644064,10.034098,9.091996,7.18747,6.533167,13.5541813,9.33513524886849,-1.01966468795651,4.96986329224469,13.8027333002727,0.000203040627659831,0.0190116817888871,chr1,109102711,109187522
FAM107B,38.736454,87.576527,212.610156,65.497061,47.887303,13.976133,32.984617,18.791208,64.757432375,64.4144222320478,,19.887945,62.803463,41.250442,18.171396,20.191313,66.645268,36.31468,34.063062,28.222618,13.235233,34.078542,18.4335149887197,1.30570961994799,6.38426190393173,13.2994668984043,0.000265481591369485,0.0221087603495038,chr10,14560556,14816896
FAM132B,1.852603,0.310674,0.999501,0.154698,0.42983,2.231835,1.691722,0.14817,0.977379125,0.841694656928413,,1.803412,5.686291,5.167657,5.531658,4.59814,2.302112,4.561672,2.719208,3.970353,3.139223,3.9479726,1.38601032002172,-1.73085692278387,1.54908264131089,19.8246433751014,8.48812524170912e-06,0.00448647186349509,chr2,239067623,239077541
FAM163B,3.783705,2.125922,0.882189,1.055036,2.42458,3.85939,3.64029,0.275168,2.255785,1.4202467894776,,4.278291,2.416144,13.0723,23.225426,13.491427,11.835894,7.959883,13.547807,3.037438,7.789959,10.0654569,6.32659318369114,-1.73898359232897,1.26322026770801,14.2879844182385,0.000156862987483114,0.0164553754610825,chr9,136444079,136451319
FAM19A1,4.609635,1.092811,2.420447,3.45146,2.018514,3.603206,2.701094,0.36888,2.533255875,1.38174327770842,,7.596524,22.113508,10.845713,42.682752,15.231932,4.409799,7.795501,4.274087,5.396931,12.127018,13.2473765,11.7280222135878,-2.02451506195797,3.2528818865447,27.7601678875185,1.37324550261606e-07,0.000432030664264694,chr3,68053359,68594776
FAM19A2,8.672768,2.295848,5.357048,4.039742,4.281572,3.122419,9.80375,0.424468,4.749701875,3.1487640355052,,7.276516,7.383698,27.052289,39.089847,13.025765,5.476476,11.096281,8.224453,7.014253,12.257941,13.7897519,10.8301270657485,-1.3054819719572,4.43644331983355,15.4064756312425,8.66907056358716e-05,0.0123346933905874,chr12,62102040,62672931
FAM3C,38.815024,14.219944,22.457032,22.762883,23.517861,18.060528,27.666237,4.110308,21.451227125,10.0827052924931,,45.170193,54.209435,75.598942,136.907864,57.261946,36.70744,44.754329,27.475525,35.019315,52.751989,56.5856978,31.290584838753,-1.08204495894733,5.88504611467175,20.160184739892,7.12200183557095e-06,0.00394759722492203,chr7,120988905,121036418
FAM3C2,9.507272,2.300261,6.199879,8.150637,4.258845,3.722864,3.148279,2.878898,5.020866875,2.64777973597025,,16.525961,7.725944,24.66297,40.148254,12.310116,17.305285,7.764815,11.987315,15.780741,23.508463,17.7719864,9.7250336589295,-1.41700117227159,2.3305614417922,18.6696242621268,1.55439128745545e-05,0.00586824161448766,chrX,23093875,23094884
FAM46A,1.898564,0.963027,1.221389,2.516654,1.477309,0.293544,1.020703,0.616078,1.2509085,0.710042733582584,,0.777819,0.928806,1.934418,0.671485,0.341798,0.98999,0.672952,0.838505,0.878586,0.380362,0.8414721,0.440863401398627,1.00268661863084,1.91578926117451,11.5838896325606,0.000665256449802701,0.0353072235200348,chr6,82201156,82462491
FAM49A,35.817441,11.910888,15.807294,22.400453,18.382681,18.189942,35.273454,1.881051,19.9579005,11.3792963168536,,39.762764,55.581883,78.156372,108.140449,46.568293,35.135965,41.107074,33.89168,41.084182,40.249423,51.9678085,23.6083145143204,-1.0860549764814,6.66729370162211,18.1419353421428,2.05035910236897e-05,0.00672594916033066,chr2,16730727,16847599
FAM81A,17.844135,4.977741,10.080165,7.614672,6.620473,8.403194,14.704935,1.160855,8.92577125,5.31111914528806,,16.729725,35.711334,40.824971,46.983587,16.417119,13.468373,23.970229,16.373002,10.030447,15.662799,23.6171586,12.8716573035617,-1.10644612790535,4.96442140111152,17.2942279809941,3.2015787749895e-05,0.00788270454125566,chr15,59664892,59815748
FAM81B,1.703583,3.293831,3.17568,20.233205,2.411237,0.395012,1.293006,0.084096,4.07370625,6.63440620490881,,0.225549,4.397915,0.439305,0.290332,0.171556,1.184901,0.390012,1.033475,0.134563,0.126018,0.8393626,1.30435612140782,2.28794961460333,0.570296857282229,14.8207995976139,0.000118224369857188,0.0143054013688947,chr5,94727048,94786158
FAM84B,6.404675,4.592059,10.945975,10.968379,4.559917,1.671077,3.295889,1.287364,5.465666875,3.76722692538138,,2.350636,4.930416,5.359318,3.162101,1.153887,3.616425,2.13886,3.794457,1.989815,1.176146,2.9672061,1.46203197485512,1.20037297585091,3.74757392030333,22.5178642749612,2.08198382953504e-06,0.00196501103804566,chr8,127564687,127570638
FAXC,4.193173,1.246615,1.491648,1.340917,2.470492,2.654215,4.779693,0.23426,2.301376625,1.55092953106534,,5.4352,5.823482,9.733043,13.303895,5.905669,3.765709,6.025948,4.412785,4.09073,6.438424,6.4934885,2.91653804974937,-1.1697268082901,4.97804060232488,14.9443004818049,0.00011073205564061,0.0139658030709846,chr6,99719045,99797938
FBLIM1,3.071493,1.829515,1.475158,4.30019,4.376978,0.821415,1.386373,2.9111,2.52152775,1.35294885939753,,1.438077,1.474398,1.892541,1.404737,1.840754,1.614276,1.8065,2.036891,1.177093,2.088621,1.6773888,0.300942156382178,1.37432389673054,2.05135103510039,11.7380940262086,0.000612337007795392,0.034029472438121,chr1,16083102,16113089
FCER2,0,0.051023,0.0,0.0,0.0,0.0,0.0,0.0,0.006377875,0.0180393546482406,,0.256644,0.0,0.073113,3.389241,0.342911,7.01859,0.0,0.121331,0.275383,0.099924,1.1577137,2.30057701587996,-5.70636514316127,-0.869535683231975,18.5561618072335,1.64971082620751e-05,0.00602132697019657,chr19,7753644,7767032
FER1L6-AS2,0.657966,0.14382,0.069549,0.064587,0.479427,0.118604,0.399058,0.025931,0.24486775,0.235058392403584,,1.420739,0.748953,1.035591,2.158704,1.053674,0.906192,1.13139,0.391757,1.337547,0.388204,1.0572751,0.520495410540221,-1.80204221462253,-0.410261385732455,15.1519603030927,9.91952694059046e-05,0.0130342323284792,chr8,125058314,125183763
FGF12,23.84019,7.065232,8.221463,3.622345,14.141208,11.026136,24.990952,1.322456,11.77874775,8.75802343708962,,28.849119,29.288618,48.471421,60.023512,30.977116,18.183158,29.954811,25.023678,21.798292,32.923394,32.5493119,12.5636951667404,-1.16351595570599,6.19470294123127,13.1448184926771,0.000288315444165317,0.0231266768111987,chr3,191857184,192485553
FGF12-AS3,0,0.0,0.0,0.0,0.0,0.0,0.0,0.0,0,0,,0.618859,0.0,0.611818,0.719874,0.439768,0.171941,0.075822,0.0,0.0,0.0,0.2638082,0.29968264992555,-4.67905588856169,-4.14310226510574,11.8184298054718,0.000586472978732229,0.0334616156871739,chr3,192234620,192239187
FGF13,36.745348,9.174453,16.030229,15.40525,21.003386,12.262015,38.080808,2.780605,18.93526175,12.5908526543295,,40.273504,115.669122,72.850141,61.844512,39.746784,20.020352,48.710953,44.07213,42.340154,38.260606,52.3788258,26.3524555565555,-1.17306903481393,5.85649401671384,19.6385776396929,9.35609403158591e-06,0.00481660226286071,chrX,137713735,138304939
FGF14-AS2,6.372773,4.859507,9.708631,12.284788,2.746084,1.569862,3.339501,2.107421,5.373570875,3.85444824172278,,1.70338,5.060954,4.936148,2.280215,1.857614,2.479861,3.38302,2.129611,2.874032,0.497951,2.7202786,1.42083944444154,1.36010999073053,1.44443498061743,16.5081905454723,4.84403692643684e-05,0.00948364628503719,chr13,103046980,103048053
FGF9,2.132775,0.50753,0.663504,0.77238,0.869229,1.622434,1.268984,0.132354,0.99614875,0.645900786200116,,2.081597,3.102184,3.699542,7.529642,2.208495,1.97167,3.24033,1.305434,1.210803,2.517337,2.8867034,1.81903529896837,-1.11970798025044,2.33242101398847,10.6643124394581,0.0010922244454412,0.0473595544570365,chr13,22245522,22278637
FIGN,3.74677,2.127823,3.231573,3.42922,2.321461,1.212905,2.433037,0.327988,2.353847125,1.15457627336061,,1.776269,1.183847,3.233778,2.545432,0.447174,1.675639,0.963258,1.482169,0.968012,0.839536,1.5115114,0.844642716546825,1.0062857127306,3.45084115760485,17.5919059947545,2.73751012581207e-05,0.00752536218032094,chr2,164449906,164592522
FLJ20373,0.50213,0.227871,0.551427,0.966193,0.143844,9.512405,0.225789,0.238754,1.546051625,3.23008136755531,,0.168601,2.071429,0.594653,0.574868,0.171823,0.097287,0.534101,0.408136,0.364155,0.117266,0.5102319,0.580914111501567,2.58495747520981,0.868652885258159,13.1980249069328,0.000280244305265373,0.0229003676231931,chr2,102508955,102511150
FLNC,3.073799,4.624369,7.246021,15.449601,3.714987,0.452502,1.715209,1.047487,4.665496875,4.86882486564335,,0.861985,2.118486,1.808101,0.975078,0.881398,6.051729,1.904166,3.066715,1.258152,0.337054,1.9262864,1.64899436294106,1.49516664294694,4.17011924098759,11.8571963148844,0.00057438953641051,0.0330224416826302,chr7,128470431,128499328
FMO2,2.464252,2.117667,2.216809,2.565111,0.873658,0.559473,0.859782,0.422982,1.50996675,0.910691929789926,,1.104906,0.64718,1.870342,0.969085,0.188999,0.91062,0.470885,0.958877,0.781497,0.239705,0.8142096,0.485559776259708,1.37385300848712,1.77241676877664,19.3569091018361,1.08426235706042e-05,0.0052034485608453,chr1,171154347,171181822
FOXJ1,1.57707,3.295508,4.70298,16.371065,0.507257,0.463348,2.43332,0.072355,3.677862875,5.36739086336237,,0.541873,5.516129,0.43227,1.311292,0.276241,0.606248,0.616537,1.41907,0.556827,0.055796,1.1332283,1.59640145751917,1.9398125372218,1.76226857097345,10.4720634401854,0.00121193277085368,0.0497601067106712,chr17,74132414,74137380
FOXN2,6.464016,6.889679,22.259926,8.022372,5.138301,2.066539,4.431088,1.341351,7.076659,6.55294482066734,,3.310211,5.544338,8.097525,6.127169,2.011729,5.113158,3.249073,4.276335,3.412278,2.111992,4.3253808,1.91076503597008,1.04395912076474,4.19900356303219,15.0094819141799,0.000106972343709951,0.0137052869953639,chr2,48541776,48606433
FOXQ1,3.086383,2.207943,1.808207,2.832085,0.592139,1.086216,2.222324,2.028652,1.982993625,0.829597774634007,,1.68097,0.713465,0.862615,2.083692,1.36237,0.954953,0.816969,1.088707,1.256867,1.160563,1.1981171,0.423353443573111,1.27459512049288,1.4686919222215,11.1847631558833,0.000824717828707237,0.0401918639602944,chr6,1312675,1314992
FRMD4B,7.729024,13.827471,31.236026,9.661382,8.541923,3.160946,7.884795,2.167713,10.52616,9.12917641334213,,5.455294,8.520031,7.331301,3.906031,3.128863,15.124966,7.556875,6.490376,7.164952,1.870511,6.65492,3.66814637496182,1.09810920743755,4.49315555588589,11.6071332706015,0.000656993429570492,0.0350960161429505,chr3,69219141,69591734
FRMPD2P1,1.406802,1.235212,2.056887,3.915141,2.338866,4.352686,2.334397,0.334194,2.246773125,1.34468809420182,,5.321129,4.99693,5.955005,24.896927,11.069374,10.206498,4.057869,2.662409,3.302826,7.425571,7.9894538,6.55400802369723,-1.46221674169759,1.64888210699143,11.399442527915,0.000734661488443467,0.0378790778111834,chr10,48844036,48868504
FRMPD2P1,1.406802,1.235212,2.056887,3.915141,2.338866,4.352686,2.334397,0.334194,2.246773125,1.34468809420182,,5.321129,4.99693,5.955005,24.896927,11.069374,10.206498,4.057869,2.662409,3.302826,7.425571,7.9894538,6.55400802369723,-1.46221674169759,1.64888210699143,11.399442527915,0.000734661488443467,0.0378790778111834,JH591181.2,1141973,1166441
FRMPD4,5.546413,1.108449,1.319363,1.531441,2.633905,2.196943,5.302853,0.082503,2.46523375,1.97662908783758,,6.177365,7.259307,12.008853,18.022667,6.022316,3.805804,4.900274,5.519489,3.956078,7.231743,7.4903896,4.37169719370066,-1.32324254406452,4.67252013495337,13.3716996482392,0.000255449750519774,0.0216231149808435,chrX,12156585,12742642
FRYL,14.956825,15.890276,46.550889,28.978823,21.021674,9.153366,18.254302,6.214144,20.127537375,12.7590464398987,,12.724237,20.99855,17.375802,15.174424,5.005658,21.618797,18.783657,14.414676,17.661356,7.17447,15.0931627,5.51186105978502,1.03138236244016,6.18708831747611,17.8772244425326,2.35624157495997e-05,0.0071778944918345,chr4,48499378,48782339
FSTL1,27.994788,6.467707,11.068822,35.417241,12.783721,5.461647,7.424509,8.940653,14.444886,11.0938402317588,,9.757287,11.459229,14.797335,9.645494,2.756054,14.132144,4.915251,7.857407,9.031503,9.162341,9.3514045,3.69317687903368,1.0156379646755,5.40945461407039,11.945887896673,0.000547681243214856,0.0320730518324861,chr3,120111140,120170100
FZD10,0.532416,0.255799,0.554583,0.786878,0.127171,0.109205,0.191838,0.426832,0.37309025,0.241765562005693,,0.245315,0.233401,0.24639,0.239484,0.149123,0.385441,0.10704,0.164136,0.14094,0.110756,0.2022026,0.0851069763143879,1.45843111145632,-0.508134624144566,11.7019297802753,0.000624353127888468,0.0342057107359224,chr12,130647004,130650285
FZD5,1.428543,1.258768,2.952224,1.436372,1.137562,0.433381,0.651014,0.404322,1.21277325,0.819985479383063,,0.609552,0.993458,0.940495,0.432396,0.195867,0.982437,0.565545,0.74856,0.577694,0.560593,0.6606597,0.257557247754121,1.23274689746609,2.00929541680074,16.0357224852455,6.21585655826172e-05,0.0107551008281213,chr2,208627310,208634287
GAB1,12.708403,17.337212,39.314165,16.455852,11.299303,5.875594,10.211589,2.920247,14.515295625,11.1350915729887,,6.143684,10.414944,12.744138,7.945272,3.599213,12.931788,7.468088,8.588686,8.816109,5.314056,8.3965978,3.02607328493254,1.1187093028862,5.67396236809938,19.2059898235274,1.17344615164784e-05,0.00527389540648139,chr4,144257915,144395721
GABRA1,39.307537,6.750238,1.886458,4.388293,14.067808,21.638271,27.560634,0.628889,14.528516,13.8921552460124,,49.545508,73.932198,101.781965,155.418405,51.268202,53.901056,63.320176,35.393416,23.279041,72.929269,68.0769236,37.6341806717336,-1.89095681485156,6.57852902166052,16.2825402799422,5.45644088460677e-05,0.0102172363099315,chr5,161274197,161326975
GABRA4,4.070818,1.449043,1.35045,0.729306,2.697176,3.350449,4.780125,0.130955,2.31979025,1.66229118651575,,4.521914,4.699682,10.252822,18.79789,5.889186,7.780323,4.739793,4.158906,3.739375,8.39698,7.2976871,4.56950820941105,-1.25845064086625,5.16035224769666,10.7810877381573,0.00102542404942355,0.0458678819074298,chr4,46920917,46996424
GABRA5,57.869861,21.432217,16.330546,19.235706,33.049964,38.374066,65.758698,2.501941,31.819124875,21.5162441172131,,81.861609,99.134242,117.842461,133.683096,81.131655,67.311164,63.325629,82.994875,89.71076,101.729653,91.8725144,21.8319675902265,-1.23364455708644,6.89407246467675,16.2379593292935,5.58634939443159e-05,0.0102710837615996,chr15,27111510,27194354
GABRB2,19.508186,5.083813,4.102254,3.238374,8.772684,13.484631,14.070663,0.422935,8.5854425,6.55753803269095,,27.428466,30.247188,50.147126,68.520985,29.37609,17.346462,39.458884,15.326237,15.486247,44.026699,33.7364384,17.0929665423902,-1.5896096537683,6.53818687556704,16.0258237380785,6.24843838395861e-05,0.0107551008281213,chr5,160715436,160976050
GABRB3,28.653366,8.014469,9.732931,10.838576,18.149956,18.144004,38.82459,0.689991,16.630985375,12.25435803468,,34.418652,49.934496,69.733256,97.822023,42.772314,28.498888,40.653929,36.027687,26.446968,50.386265,47.6694478,21.6456862260701,-1.22900818603116,6.84254054648263,12.3611564390094,0.000438359079327368,0.0285429144623934,chr15,26788693,27184686
GABRD,8.131156,2.633429,2.141923,6.700651,7.265885,6.372193,7.961332,0.837153,5.25546525,2.90466238575534,,9.967945,11.040463,15.822635,51.15255,22.070879,7.387392,15.257128,12.860897,10.464196,9.054526,16.5078611,12.8860814038187,-1.27733747120629,3.7060028556188,13.7661561651288,0.000207032512452783,0.0191882310032534,chr1,1950780,1962192
GABRE,13.921415,1.18162,0.58419,2.205984,7.930833,6.034273,5.983837,8.080626,5.74034725,4.42735581991882,,1.676555,1.313708,2.664282,2.200095,0.493278,1.3798,0.631236,0.948423,4.723945,3.40528,1.9436602,1.33558379963102,2.27647580128811,3.57097918900355,18.1378537378627,2.05475852432006e-05,0.00672594916033066,chrX,151121596,151143152
GABRG2,27.369322,5.979283,7.313752,5.389923,21.974638,19.326367,31.653837,0.474709,14.935228875,11.5972242979277,,41.936175,52.330103,69.028696,118.496741,39.630014,59.180838,42.051719,29.246046,29.756282,66.619297,54.8275911,26.3797658551735,-1.54075143289319,6.42370734381291,14.6767928330532,0.000127607810109805,0.014687607070545,chr5,161494546,161582542
GALNT15,70.592768,31.047302,50.795687,188.688943,31.664476,12.516544,16.105352,10.111172,51.4402805,59.1403829841781,,16.142534,29.424076,24.290344,10.667812,4.562779,20.29558,15.411393,20.608114,23.646306,4.171188,16.9220126,8.42032650401984,1.78633974713749,6.45703035465262,26.7857561738225,2.27306615234226e-07,0.000612959348290429,chr3,16216156,16273499
GALNT9,12.220503,3.348512,5.394408,4.022529,4.205027,8.204605,11.932391,1.371763,6.33746725,4.03178723639107,,10.478328,37.467541,20.379043,43.151794,20.715276,12.638819,14.555019,22.841891,10.545958,8.549746,20.1323415,11.759919299467,-1.23187548987375,4.1244061548397,15.5592641081421,7.99588774068012e-05,0.0118533802844758,chr12,132680924,132905935
GBP5,1.718188,0.27612,0.521857,1.609133,0.899983,0.170328,0.940405,0.373478,0.8136865,0.592355907012233,,0.50429,0.424126,0.248529,0.227591,0.092366,0.500266,0.337934,0.048919,0.779979,0.246713,0.3410713,0.218348301955105,1.42211987078094,0.579363911284282,11.2823913491492,0.000782457021054336,0.0390394349297674,chr1,89724633,89738544
GDA,52.248765,8.023645,16.420431,8.617635,18.487176,15.788298,66.207488,0.661122,23.30682,23.199317175887,,52.303046,111.832067,140.57866,121.102488,59.915146,35.294825,64.965079,58.537125,39.093029,53.246845,73.686831,36.8462251238598,-1.4178847103122,7.26256856339244,12.9369748269402,0.000322155200563347,0.0242597431551885,chr9,74729511,74872109
GEM,25.766009,8.992874,11.837034,19.765665,15.988554,2.093986,4.914493,2.174656,11.441658875,8.59537611100049,,4.376118,5.491435,14.828816,4.091061,0.952423,9.222646,2.614193,7.568918,7.151452,3.163045,5.9460107,3.99473753352983,1.30637823745138,3.41257129468289,14.8286838337141,0.000117731168025594,0.0143054013688947,chr8,95261481,95274578
GFOD1,10.109503,3.731228,3.857483,4.871111,4.524293,8.321305,8.891596,0.893477,5.6499995,3.13788328550633,,12.997735,22.5324,18.261473,38.292951,13.310348,9.534644,11.543654,10.10846,9.652755,13.66478,15.98992,8.83880235799911,-1.03298270704537,5.69042279225467,13.6973014240961,0.000214762863165842,0.0195742918041156,chr6,13358062,13487894
GFRA2,3.334727,0.652606,0.98344,1.762379,2.843271,3.006243,3.156561,0.209173,1.99355,1.25098918312932,,4.880855,5.496639,7.363986,21.480489,5.139535,5.429869,5.218528,3.661813,3.613457,8.208857,7.0494028,5.26748196213356,-1.21043041811839,3.58245489175568,13.7201982423712,0.000212160476470681,0.0195356676781434,chr8,21547915,21669869
GJB5,0.903174,0.176238,0.299799,0.472358,0.224301,0.3277,0.304292,0.06541,0.346659,0.254383076481683,,1.475908,0.462243,0.532097,1.560535,0.823207,1.913002,0.980068,0.48573,1.478883,2.416893,1.2128566,0.663520780301433,-1.65996321883745,-0.403844241566014,13.6492164087243,0.000220333252049581,0.0198051614766916,chr1,35220648,35224113
GJC3,0.726697,1.929211,2.523276,0.518523,0.78038,0.885956,0.690186,0.322751,1.0471225,0.764240346162496,,0.424865,0.860782,1.014158,0.519339,0.0,0.645669,0.649964,0.426596,0.181358,0.149867,0.4872598,0.320093890149541,1.73416146419799,-0.728357434603896,12.2935157584455,0.000454534696437207,0.0288392008985956,chr7,99520892,99527243
GLB1L3,3.474787,0.952325,0.912096,0.838985,1.265745,2.358951,2.490805,0.365587,1.582410125,1.06832524092852,,2.980867,4.933714,5.253944,10.784624,2.902151,3.256448,4.242706,2.143926,2.681377,3.769866,4.2949623,2.4876966560184,-1.03330151849547,2.67168014529635,11.3982836536479,0.000735119929973875,0.0378790778111834,chr11,134144139,134189458
GLP2R,0.62402,0.240639,0.204262,0.828406,0.205955,0.659698,0.062147,0.058107,0.36040425,0.297853116519703,,1.418053,0.295278,0.389635,12.027182,1.677272,0.728132,0.569796,0.528167,0.801039,2.222869,2.0657423,3.5552766528694,-2.09699768679478,1.66464252869831,12.0167570798348,0.000527243592104341,0.0315158949028145,chr17,9725523,9795419
GLRB,25.687292,5.085176,10.174623,6.761432,10.895691,11.393819,19.383539,1.003685,11.298157125,7.9193544765203,,25.781266,57.202472,66.468739,73.546365,23.704004,17.947194,26.583687,20.669307,16.754877,32.724111,36.1382022,21.2753079477944,-1.30449085609768,5.42489584143776,18.6375996508872,1.58072046360392e-05,0.00588911967983067,chr4,157997209,158093242
GLS,75.953442,19.11452,32.570361,30.423235,34.694876,44.052817,61.681877,4.169919,37.832630875,22.7930298857907,,81.007369,100.658699,135.877463,234.375246,71.520424,78.138803,71.186361,54.623212,59.758138,95.859007,98.3004722,53.2196718051249,-1.08654186579259,7.60646749653238,13.802066772855,0.000203112671639561,0.0190116817888871,chr2,191745553,191830278
GLT1D1,7.629581,2.927373,2.793475,2.175715,7.394405,7.293298,11.158471,0.690786,5.257888,3.60579392616253,,10.81471,17.514628,16.539631,29.639011,15.617453,12.924976,15.640181,10.166008,11.602927,13.339228,15.3798753,5.59593714106928,-1.16724110146119,4.27790411335778,13.3376196255765,0.000260134346746965,0.0219325744808437,chr12,129337972,129469509
GMNC,0.378659,0.782958,0.723703,2.887474,0.292194,0.078408,0.210745,0.0,0.669267625,0.938862790300043,,0,0.217902,0.058694,0.136237,0.049688,0.088495,0.05531,0.112519,0.060321,0.048383,0.0827549,0.0605553688131779,2.92573799670092,-0.60650312585592,22.9862161362427,1.6316711532358e-06,0.00191499677296906,chr3,190570666,190610218
GNRH1,3.190641,1.664879,3.787343,6.20119,3.025495,1.238295,2.380207,1.27596,2.84550125,1.6456076327935,,1.557801,2.029466,2.491175,1.886935,0.44781,1.219167,0.977848,1.426721,1.558938,1.530058,1.5125919,0.565940405214866,1.35157596003955,1.26196889353453,22.0699022192698,2.62899662347931e-06,0.00209769671215433,chr8,25276776,25282170
GOLGA6A,0.213237,0.13594,0.184337,0.545266,0.233052,0.066268,0.369748,0.023171,0.221377375,0.168665546516461,,0.071334,0.06799,0.25601,0.114324,0.010202,0.047968,0.098483,0.047823,0.022236,0.005574,0.0741944,0.0731745602700222,1.91507845563639,-1.87717808107753,17.7659228708957,2.49817858352381e-05,0.00721782423501887,chr15,74362198,74374891
GOLGA6B,0.154558,0.029914,0.502986,0.597235,0.1144,0.0,0.171037,0.041575,0.201463125,0.224829444658096,,0.0318,0.01229,0.19295,0.043182,0.0,0.1106,0.011632,0.07369,0.03067,0.013431,0.0520245,0.0597309764290411,2.1019773875591,-2.44659686070895,10.9155205670522,0.000953619151211154,0.043691342163379,chr15,72947079,72958735
GOLGA6L16P,0,0.0,0.0,0.0,0.0,0.0,0.0,0.0,0,0,,0,0.0,0.0,0.834294,0.121693,0.0,0.0,0.0,0.098291,0.436621,0.1490899,0.276661987949776,-5.98630740548696,-3.39486043116271,11.7487168754326,0.000608851977394477,0.0339322626293737,chrY,27641798,27648105
GOLGA6L6,0,0.0,0.0,0.0,0.0,0.0,0.0,0.0,0,0,,0.019025,0.0,0.011411,0.12686,0.03667,0.007838,0.0,0.0,0.031119,0.016023,0.0248946,0.0380342855393511,-5.11245140753432,-3.91523858133875,14.7413721973403,0.000123310506405375,0.0146086834042468,chr15,20737094,20747114
GOT1,95.199009,27.017164,45.098867,40.720434,70.886257,53.455771,119.128337,6.771563,57.28467525,36.5520440967521,,118.308245,219.686349,210.317589,306.831867,133.970154,91.622874,142.698185,112.244179,105.929161,98.091342,153.9699945,69.6960089787666,-1.08545608622321,6.95811766096462,15.7483463307365,7.235115676837e-05,0.0113618089742856,chr10,101156627,101190381
GPR111,0,0.0,0.0,0.0,0.0,0.0,0.0,0.0,0,0,,0.017223,0.0,0.046465,0.073785,0.021389,0.067049,0.013586,0.0,0.0,0.0,0.0239497,0.028483152907757,-5.21850205276039,-3.82581817135533,14.6312672693488,0.00013072752891797,0.0147963407446684,chr6,47624172,47665533
GPR158,12.782068,1.980032,2.156308,2.145847,8.244216,3.765989,15.629849,0.295235,5.874943,5.69417728487032,,15.316663,21.000158,28.18123,27.879812,13.985545,14.085828,16.071523,12.43034,11.644978,16.746914,17.7342991,6.008296688356,-1.25686046659732,5.19196363313393,13.030818316251,0.000306406633020097,0.0235754092680639,chr10,25463991,25891155
GPR22,13.509239,1.787282,4.489684,2.696585,3.159366,10.619449,11.496663,0.238913,5.999647625,5.07291414613049,,12.856097,33.374968,28.48716,35.785378,13.482399,10.632345,11.1701,11.371707,14.922272,22.791839,19.4874265,9.80210969556993,-1.33140983223639,4.23799985065186,10.8585882757709,0.000983386313130367,0.0443660555376667,chr7,107110463,107116098
GPR61,2.566816,0.663677,1.216489,0.696094,1.406576,1.168146,2.908284,0.093229,1.339913875,0.959187076568403,,2.702268,4.834011,6.64894,9.201513,2.870076,1.76817,3.508627,3.188087,0.995455,1.805749,3.7522896,2.51305857316521,-1.11587253494571,2.71627149269838,10.5025862411701,0.00119207577386664,0.0495879062836806,chr1,110082494,110091028
GREM2,3.495501,0.558152,0.891472,0.374221,0.990574,1.47524,4.211512,0.15226,1.5186165,1.50868165381814,,4.232704,5.787042,9.456997,7.569973,3.885373,8.01209,6.732544,3.481304,2.730155,3.59923,5.5487412,2.29502290912917,-1.56698369279517,3.178651512138,17.4899537794895,2.88829880561265e-05,0.0076844048165014,chr1,240652873,240775449
GRIN2A,4.661425,1.84729,2.771786,2.530821,1.885545,2.474044,7.708929,0.208927,3.011095875,2.26283764553513,,7.120273,12.831076,14.72986,22.573159,10.511029,4.351294,8.549342,7.07869,4.88589,9.223468,10.1854081,5.43634450340376,-1.47252385602245,5.2018181782665,20.6529827972538,5.50513557825346e-06,0.00336598452527459,chr16,9852376,10276611
GRIN3A,2.63811,1.063001,0.945167,0.944684,2.06065,1.379701,3.607203,0.098664,1.5921475,1.11914483052284,,3.475744,4.381809,8.951623,6.266872,3.483337,3.074408,3.794271,2.195157,2.085012,3.5357,4.1243933,2.06099657517501,-1.12034310134557,3.58438189281919,11.57355098601,0.000668965450212873,0.0354045275514998,chr9,104331635,104500862
GRM8,3.424399,0.455182,1.065568,0.310812,0.889896,0.928826,2.371599,0.149181,1.199432875,1.13124419934746,,3.318298,6.265113,7.354577,5.971501,3.480672,2.389966,3.697489,3.04455,3.609611,2.910617,4.2042394,1.68403575406589,-1.5369999039012,2.68599797246986,20.4439336159526,6.14038786662112e-06,0.00354144932098652,chr7,126078652,126893348
GSX2,1.055704,0.563753,0.331498,0.557477,1.737075,0.329662,0.200262,0.126474,0.612738125,0.538731706712146,,0.201309,0.030341,0.491939,0.297922,0.043347,0.083706,0.057079,0.622978,0.342003,0.190187,0.2360811,0.202277843665835,1.82054114568189,-1.13723795353068,12.7627387842478,0.000353592784791203,0.0255077781018357,chr4,54965690,54968672
GUCY1B3,42.600252,14.254082,20.747811,19.870932,31.833725,19.578449,48.646298,2.856755,25.048538,15.0957749402326,,46.28854,75.251506,89.468512,138.183103,56.032196,39.232755,52.614904,42.910558,38.90289,73.018314,65.1903278,30.804731765168,-1.0882372417056,6.44212845313296,16.0083040264791,6.3065263156081e-05,0.0107894948255762,chr4,156680144,156728743
GZMA,0.776556,0.323837,0.589098,1.425726,0.341531,0.259477,0.391903,0.48733,0.57443225,0.382269847371031,,0,0.0,0.0,0.279514,0.0,0.197204,0.202842,0.0,0.0,0.0,0.067956,0.111545800964845,3.58485404761995,-2.16335271429757,22.0649127049126,2.63583914486741e-06,0.00209769671215433,chr5,54398476,54406080
GZMK,0.451545,0.086214,0.36084,2.704779,0.392905,0.0,0.491643,0.184393,0.584039875,0.874939021341722,,0,0.0,0.176164,0.0,0.137095,0.120157,0.0,0.150708,0.0,0.0,0.0584124,0.0766371791817348,3.24453143419971,-1.85261192753467,12.8347086337671,0.000340248438297809,0.0249584570108376,chr5,54320081,54330398
H2AFJ,6.222076,2.651312,5.552147,6.157147,4.185817,1.960212,3.111681,2.379494,4.02748575,1.74942415884866,,2.729382,3.46995,3.539906,1.823583,1.269731,3.417273,2.711325,3.127258,3.670434,0.676425,2.6435267,1.04428435713864,1.07689255234511,2.99054009878453,15.7747082827801,7.13499589489804e-05,0.0113472546959681,chr12,14927270,14930936
HAND2,0.046237,0.0,0.0,0.10383,0.0,0.018623,0.0,0.064171,0.029107625,0.0389234262437619,,0,0.0,0.0,0.0,0.0,0.0,0.0,0.0,0.0,0.0,0,0,5.65242492046236,-4.07523119531329,14.7474412328269,0.000122914220117312,0.0146086834042468,chr4,174446120,174451380
HBP1,29.737737,15.44162,29.642567,30.178256,20.730611,9.609099,11.418001,5.015997,18.971736,10.0739791938876,,9.152916,18.384878,21.230916,18.172641,5.023946,14.235455,8.934559,10.213176,15.888367,7.529905,12.8766759,5.43498604097748,1.0004365067169,4.64263341091726,22.1309718960629,2.54667672474679e-06,0.00209769671215433,chr7,106809406,106842974
HCN1,6.385117,1.012839,1.410744,1.226183,2.898096,3.992583,7.179735,0.044035,3.0186665,2.62626075871631,,6.939243,15.654082,14.421311,23.188747,8.926513,7.812099,8.246417,6.333681,4.997333,11.686473,10.8205899,5.56198744444946,-1.53009625836698,4.52193490388341,12.6329437043465,0.000379007882813728,0.0266058049449947,chr5,45259349,45696253
HDC,0.095373,0.061343,0.037873,0.059039,0.115362,0.09542,0.03554,0.0,0.06249375,0.0381943323385252,,0.189908,0.230341,0.368368,0.356683,0.152027,0.176927,0.866204,0.085968,0.235198,0.093618,0.2755242,0.228303304747483,-1.84216865355683,-1.80494823319323,13.1068443158596,0.000294218876365937,0.0232491839329419,chr15,50534144,50558223
HECW1,2.907197,0.912885,1.080952,0.497087,1.746372,3.282903,3.496789,0.315782,1.779995875,1.28219357038792,,4.038606,4.743814,6.873411,14.68485,6.892935,4.917241,5.806888,3.122505,3.480971,7.899292,6.2460513,3.35408391955764,-1.40622386386534,4.51879461134574,13.3877181476098,0.000253277334264016,0.0214713206018518,chr7,43152198,43605600
HILS1,1.597551,1.080532,1.186195,0.955409,0.427821,0.516016,0.441696,0.670012,0.859404,0.418209860350382,,0.425704,0.541815,0.491546,0.545061,0.164283,0.884668,0.487494,1.172153,0.303511,0.36112,0.5377355,0.291670987654564,1.31662217486112,-0.966961640962601,10.6492075294319,0.00110118079099708,0.0475658024510859,chr17,48248789,48258539
HIST1H2AE,2.69751,1.946448,5.428495,2.992646,3.455388,0.439552,0.449141,0.430976,2.2300195,1.7819007685137,,0.561294,0.556143,0.720535,0.67221,0.358488,1.828469,1.071448,1.247302,0.487298,0.344598,0.7847785,0.467664738533504,1.72335284182177,-0.8862905249447,15.1116194363095,0.000101337627926559,0.0131922954755244,chr6,26217165,26217711
HIST1H2BG,1.269827,3.02004,2.84264,9.227346,5.809304,0.130881,1.724167,0.0,3.003025625,3.12935890271606,,0.827151,0.460321,0.542868,0.732445,0.515784,0.8424,1.385989,0.387343,0.876389,0.251574,0.6822264,0.325054712308285,2.20342153151387,-0.947495149075252,15.3848543136538,8.76883350397072e-05,0.0124169653861145,chr6,26216428,26216872
HIST1H4E,1.922698,1.272646,5.111477,2.931222,1.749496,1.133022,0.889586,0.488586,1.937341625,1.48246267295643,,0.872555,1.029812,0.761286,0.493977,0.289696,1.603381,0.724987,0.879319,1.035665,0.114395,0.7805073,0.42068315418272,1.60035039682964,0.282727899976841,17.2751881964894,3.23382034961374e-05,0.00789344881802917,chr6,26204858,26206266
HLF,27.757431,7.985453,14.938413,13.334874,6.29266,14.220895,19.724189,3.060929,13.4143555,7.8912461226146,,24.321168,40.360025,50.27491,72.389182,26.532176,11.240996,32.714793,18.245161,25.842987,37.009271,33.8930669,17.5493503852317,-1.00741925823657,6.32032670418552,13.441557110973,0.000246111264705456,0.0210078328699944,chr17,53342373,53402426
HMCN2,0.019045,0.008877,0.031645,0.028283,0.276215,0.0,0.020655,0.0,0.04809,0.0929385493738432,,0.044393,0.069788,0.924837,0.311941,0.201783,0.054747,0.51882,0.216643,0.095979,0.065376,0.2504307,0.280004840668891,-2.87395451209604,-1.8521626938494,23.3729541980297,1.33441577294809e-06,0.00171742342741539,chr9,133046882,133309510
HMGB1P39,0.265708,0.218426,0.275982,0.326319,0.064061,0.0,0.046126,0.029365,0.153248375,0.131025635510152,,0,0.0,0.074132,0.088738,0.0,0.07323,0.03095,0.0,0.0,0.0,0.026705,0.037355575543983,2.52385570032191,-3.60979517052563,11.0757270710484,0.000874651176243884,0.0414135630932399,chr6,76028817,76029696
HMGCLL1,8.55479,3.04909,3.364211,9.05302,4.067917,3.559521,11.966223,0.750917,5.545711125,3.83013765482725,,10.112822,20.990734,24.227738,15.889602,11.148253,7.721772,10.592435,11.292057,9.049744,8.117171,12.9142328,5.63692789314627,-1.01649888125608,3.77356000533138,15.1506522340983,9.92640160233949e-05,0.0130342323284792,chr6,55299167,55444012
HN1,34.756327,10.600124,13.647854,14.253375,21.282442,33.304252,36.774976,8.938666,21.694752,11.5814108857576,,69.075279,53.680005,69.814694,92.499757,48.591994,69.789441,48.437476,48.58904,64.493156,34.706073,59.9676915,16.4137609272463,-1.07037591850769,5.24211091308019,20.4089165811951,6.25377336874485e-06,0.00354144932098652,chr17,73131343,73164376
HNRNPCP3,0.539919,0.088014,0.144377,0.211556,0.312732,0.0,0.489804,0.032123,0.227315625,0.203617867738943,,1.168498,0.776858,0.98632,1.941751,0.603612,1.057991,0.605345,0.523966,0.467216,1.539538,0.9671095,0.479844367312349,-1.80951841036439,-1.43123870520777,15.6999796424057,7.42249691236236e-05,0.0114940052519376,chr15,79528674,79529548
HOMER1,7.77822,2.57225,2.443913,1.592054,3.409499,5.990584,7.867805,0.419148,4.009184125,2.84418918880872,,7.940724,10.072976,15.621746,35.194506,13.132231,11.922294,7.616569,8.606051,6.836068,12.736744,12.9679909,8.30765082329934,-1.29564225531172,4.94450520750438,13.4643039203659,0.000243145353887471,0.0210078328699944,chr5,78668459,78810040
HOPX,86.137344,24.816497,54.711759,53.961795,23.28039,82.486226,45.575453,18.16243,48.64148675,26.0925506587426,,130.880062,246.635308,193.524692,393.517697,162.591736,164.45641,141.144761,94.947274,180.049338,224.492904,193.2240182,83.096314811769,-1.54569926423093,6.67146107777324,28.807670545097,7.99339091029147e-08,0.000324792270771194,chr4,57514155,57548065
HOXD1,0.687756,1.385138,3.80861,0.970018,1.377973,0.298726,0.771559,0.153354,1.18164175,1.15106847232483,,0.134501,1.154456,0.528251,0.379029,0.150047,0.756952,0.60842,0.509787,0.080935,0.0,0.4302378,0.358178140005097,1.85935421107224,0.0359926240526132,12.6134878091408,0.000382973235533535,0.0267745572284303,chr2,177053307,177055688
HPCA,78.10472,29.578306,22.711251,47.923236,92.29504,127.407568,81.477579,7.465476,60.870397,40.6929462107692,,204.193841,280.442223,251.586716,286.109262,212.429695,113.712931,243.581494,173.706207,155.768929,164.811354,208.6342652,56.964240899248,-1.34001156868311,6.9980607369582,14.9334675812672,0.000111369671194034,0.0139847220863482,chr1,33351595,33364042
HPCAL4,77.372772,23.126472,34.662994,37.152958,59.031075,66.354355,121.616692,7.498267,53.351948125,35.9885181483739,,119.97879,140.26889,199.476501,271.5159,127.817902,65.328125,111.037209,123.37384,118.454224,145.749878,142.3001259,56.2916492042018,-1.07332138312336,8.23823773170305,11.4562878694383,0.000712524909415679,0.0371201224427787,chr1,40144320,40157361
HPRT1,53.790657,15.199192,23.681042,21.024643,29.166533,31.066372,44.914291,4.539018,27.9227185,15.7822425117837,,70.412468,114.86161,119.901787,175.788452,64.04834,51.078743,56.356644,51.148346,56.197163,61.66621,82.1459763,41.3841143850283,-1.16758779970733,5.56590737897594,22.6032399629588,1.99148481186729e-06,0.00196501103804566,chrX,133594183,133654543
HRK,2.727489,0.948474,2.39598,2.854565,0.798584,2.19701,5.40296,0.351116,2.20952225,1.60142796277365,,5.068964,16.557948,7.087163,7.488089,3.632139,4.149042,3.729422,4.684859,2.782103,2.919214,5.8098943,4.09791355461966,-1.01695677300095,3.75124691730565,11.1959956101662,0.000819740423492583,0.0400181727947944,chr12,117293949,117319246
HS3ST2,14.827614,2.450593,2.739397,0.887584,1.40863,9.760371,5.264418,0.383803,4.71530125,5.09051778723893,,19.420306,30.275438,30.141318,28.143704,13.016766,88.420646,14.990792,13.369561,13.856402,9.115629,26.0750562,23.241348233118998,-2.04937251413824,4.44534555944525,17.8187421339576,2.42978045691815e-05,0.00720398102067109,chr16,22825498,22927659
HS6ST3,0.557139,0.276521,0.517832,0.554117,0.499367,0.637922,1.265105,0.117096,0.553137375,0.334853854414531,,0.783958,1.689847,3.813446,5.436603,1.861613,0.544136,2.436554,1.28626,0.811323,1.991901,2.0655641,1.52324605244199,-1.45007726438354,0.457577154617155,12.6466887178221,0.000376231466127764,0.0265325176778943,chr13,96743093,97485671
HSPA1A,299.447689,207.523349,250.310865,703.159986,206.593403,58.530528,81.792298,103.805919,238.895504625,205.922371829273,,68.197743,103.614781,128.043996,68.025357,55.809562,207.041371,56.969585,147.146086,166.798093,114.560336,111.620691,51.2530732679355,1.36004812092628,5.79230370903474,17.1290830004252,3.49234206693654e-05,0.00821744042477934,chr6,31783291,31785723
HSPA1A,299.447689,207.523349,250.310865,703.159986,206.593403,58.530528,81.792298,103.805919,238.895504625,205.922371829273,,68.197743,103.614781,128.043996,68.025357,55.809562,207.041371,56.969585,147.146086,166.798093,114.560336,111.620691,51.2530732679355,1.36004812092628,5.79230370903474,17.1290830004252,3.49234206693654e-05,0.00821744042477934,GL000250.1,3098002,3100484
HSPA1A,299.447689,207.523349,250.310865,703.159986,206.593403,58.530528,81.792298,103.805919,238.895504625,205.922371829273,,68.197743,103.614781,128.043996,68.025357,55.809562,207.041371,56.969585,147.146086,166.798093,114.560336,111.620691,51.2530732679355,1.36004812092628,5.79230370903474,17.1290830004252,3.49234206693654e-05,0.00821744042477934,GL000251.1,3292821,3295303
HSPA1A,299.447689,207.523349,250.310865,703.159986,206.593403,58.530528,81.792298,103.805919,238.895504625,205.922371829273,,68.197743,103.614781,128.043996,68.025357,55.809562,207.041371,56.969585,147.146086,166.798093,114.560336,111.620691,51.2530732679355,1.36004812092628,5.79230370903474,17.1290830004252,3.49234206693654e-05,0.00821744042477934,GL000252.1,3068828,3071310
HSPA1A,299.447689,207.523349,250.310865,703.159986,206.593403,58.530528,81.792298,103.805919,238.895504625,205.922371829273,,68.197743,103.614781,128.043996,68.025357,55.809562,207.041371,56.969585,147.146086,166.798093,114.560336,111.620691,51.2530732679355,1.36004812092628,5.79230370903474,17.1290830004252,3.49234206693654e-05,0.00821744042477934,GL000255.1,3076888,3079370
HSPA1B,205.984429,105.283346,163.586301,476.43779,98.291509,23.130384,31.759692,44.831593,143.6631305,148.982088186186,,40.553838,75.878165,87.054195,45.788829,24.176962,87.259099,30.986254,74.042136,67.644434,40.325749,57.3709661,23.5840791164549,1.5493642801926,4.91465768608244,21.7095963157069,3.17200538415417e-06,0.00227376573290211,chr6,31795512,31798031
HSPA1B,205.984429,105.283346,163.586301,476.43779,98.291509,23.130384,31.759692,44.831593,143.6631305,148.982088186186,,40.553838,75.878165,87.054195,45.788829,24.176962,87.259099,30.986254,74.042136,67.644434,40.325749,57.3709661,23.5840791164549,1.5493642801926,4.91465768608244,21.7095963157069,3.17200538415417e-06,0.00227376573290211,GL000250.1,3110276,3112790
HSPA1B,205.984429,105.283346,163.586301,476.43779,98.291509,23.130384,31.759692,44.831593,143.6631305,148.982088186186,,40.553838,75.878165,87.054195,45.788829,24.176962,87.259099,30.986254,74.042136,67.644434,40.325749,57.3709661,23.5840791164549,1.5493642801926,4.91465768608244,21.7095963157069,3.17200538415417e-06,0.00227376573290211,GL000251.1,3305094,3307617
HSPA1B,205.984429,105.283346,163.586301,476.43779,98.291509,23.130384,31.759692,44.831593,143.6631305,148.982088186186,,40.553838,75.878165,87.054195,45.788829,24.176962,87.259099,30.986254,74.042136,67.644434,40.325749,57.3709661,23.5840791164549,1.5493642801926,4.91465768608244,21.7095963157069,3.17200538415417e-06,0.00227376573290211,GL000252.1,3081099,3083619
HSPA1B,205.984429,105.283346,163.586301,476.43779,98.291509,23.130384,31.759692,44.831593,143.6631305,148.982088186186,,40.553838,75.878165,87.054195,45.788829,24.176962,87.259099,30.986254,74.042136,67.644434,40.325749,57.3709661,23.5840791164549,1.5493642801926,4.91465768608244,21.7095963157069,3.17200538415417e-06,0.00227376573290211,GL000255.1,3089163,3091687
HSPA2,49.876019,62.991783,187.511749,86.3395,52.321461,14.738654,36.853855,13.263433,62.98705675,55.8322502963596,,19.571611,42.583252,49.191788,21.989227,17.781593,53.504787,37.570728,51.661457,32.157623,6.510881,33.2522947,16.2566420692896,1.21540649430182,6.34284252354097,13.7666507153425,0.000206978015315484,0.0191882310032534,chr14,65002623,65009955
HSPA8P18,0,0.017178,0.064723,0.113302,0.0,0.0,0.036883,0.0,0.02901075,0.0413156151412514,,0,0.0,0.0,0.0,0.0,0.0,0.0,0.0,0.0,0.0,0,0,4.37802706929704,-4.4467810340484,12.7172605321953,0.00036229609262867,0.0260031247521786,chr3,19981761,19984802
HSPB8,220.551427,94.301735,129.869619,544.94855,169.305205,40.335833,90.342983,18.951092,163.5758055,167.386066339163,,88.287223,105.142789,103.859386,78.597217,31.348517,99.446233,50.391434,91.435896,109.697003,57.35934,81.5565038,26.6561023026093,1.12886608587954,7.2370466937015,14.2759651521956,0.000157867842066564,0.0164942768051429,chr12,119616447,119658936
HSPE1-MOB4,0,0.0,0.0,0.0,0.0,0.0,0.0,0.0,0,0,,0,1.407252,0.0,0.874674,1.900117,0.0,0.0,0.0,0.0,0.0,0.4182043,0.715457044761063,-7.02847313360168,-2.55019398091775,13.1304486912157,0.000290535185996703,0.0231550974544021,chr2,198365137,198415450
HTR5A,5.544622,1.424257,1.636683,0.885936,3.293698,3.852945,6.809632,0.223518,2.958911375,2.3393644656695,,7.899292,10.158587,17.254182,16.940188,7.08253,5.958066,11.266435,6.835116,7.60778,10.095392,10.1097568,4.04568426456363,-1.42205746741082,3.57579227140838,15.6130629681321,7.77158424061247e-05,0.0117359211723105,chr7,154862034,154877459
HTR5A-AS1,3.659973,1.004471,1.104891,0.853266,1.546841,2.086587,4.150522,0.150161,1.819589,1.40722228389801,,5.652321,8.466676,8.072957,12.978361,6.847103,2.65089,5.875351,4.098628,3.655502,8.535933,6.6833722,3.01887708523192,-1.59050731599736,2.86832516780409,18.1411116258689,2.05124619519411e-05,0.00672594916033066,chr7,154858777,154863267
HUNK,0.747357,0.252268,0.285287,0.313163,0.49509,0.747153,1.093628,0.05614,0.49876075,0.34102130134128,,0.993795,2.219181,1.873717,3.437353,1.317063,1.353704,1.5601,0.885777,0.633568,1.310173,1.5584431,0.806556395078271,-1.27719437675794,2.21174060489015,13.8485491587915,0.000198149664126748,0.0187956739193192,chr21,33245628,33416946
HVCN1,17.63167,9.065005,10.269318,55.686836,24.422029,3.812364,10.019425,1.156225,16.507859,17.4526002226868,,6.397702,7.182674,9.866523,3.899137,1.94231,13.691526,5.682748,8.759118,10.110338,2.695986,7.0228062,3.67587288497481,1.39785175081292,3.44696191995472,13.462842321457,0.000243334841299348,0.0210078328699944,chr12,111065646,111142755
HYAL4,0,0.025939,0.0,0.031283,0.029385,0.0,0.025612,0.0,0.014027375,0.0151033231152949,,0,0.0,0.0,0.0,0.0,0.0,0.0,0.0,0.0,0.0,0,0,4.03854529175813,-4.57618550988276,11.070819071595,0.000876969350091924,0.0414735164030041,chr7,123469037,123517532
IBSP,0,0.0,0.0,0.0,0.088469,0.0,0.092769,0.0,0.02265475,0.0419641849702134,,0,0.300011,0.0,0.552828,0.474745,13.531888,0.0,0.0,0.152655,0.246127,1.5258254,4.22341951495305,-5.40954185974213,-0.859426350240988,11.9906805000957,0.000534672620590735,0.0316458089636238,chr4,88720733,88733074
ICAM5,9.909054,4.020343,3.616843,9.129451,6.361706,10.841841,20.962771,0.989092,8.228887625,6.181736880108,,12.855192,22.62479,24.402667,35.739264,21.373732,16.1791,19.986046,27.803649,13.065762,13.515562,20.7545764,7.3550209464526,-1.05685965872865,4.44154584912929,11.4822060857375,0.000702656753003908,0.0367412273922976,chr19,10400657,10407454
ID3,97.709723,37.121478,49.343423,182.364302,31.040244,7.509447,34.0117,21.498383,57.5748375,56.9920741106843,,18.11531,39.909231,41.380585,11.720107,6.164028,30.328533,28.184549,45.714244,25.516756,4.149477,25.118282,14.8010624626326,1.47751800577514,4.80509549717152,15.6537252848684,7.60626032845533e-05,0.0115478529796273,chr1,23884409,23886285
IFNG,0.084375,0.046706,0.55192,0.272726,0.102342,0.008991,0.069658,0.0,0.14208975,0.186005657404553,,0,0.0,0.06946,0.0,0.021397,0.031831,0.0,0.0,0.047054,0.0,0.0169742,0.0250079543558978,2.81485740393142,-3.53237528227713,11.7151226824391,0.000619942239553989,0.0341340122770527,chr12,68548548,68553527
IGF2,3.720016,2.208427,2.874014,6.613693,1.714559,0.543252,1.97665,15.373824,4.378054375,4.79395638049823,,1.538923,2.650936,1.722761,1.426588,3.913042,2.404084,2.677539,1.985535,1.409424,1.018061,2.0746893,0.855144800123744,2.23031674773751,4.23452531276458,14.6324258362279,0.000130647191752647,0.0147963407446684,chr11,2150342,2170833
IL12RB2,1.385437,0.319107,0.967351,0.360957,0.178367,0.758093,1.362067,0.035629,0.670876,0.527763709834511,,1.644582,5.39199,5.137363,6.308046,1.751423,1.704856,2.412224,2.324663,2.826075,1.741944,3.1243166,1.78159026579328,-1.62567116291458,1.66272008467727,19.4629523310163,1.02569917951248e-05,0.00511923521062638,chr1,67773047,67862583
IL18RAP,0.674734,0.576961,0.240003,0.333632,2.782137,0.282198,0.184238,0.394008,0.683488875,0.864284454034573,,0.118799,0.132174,0.137966,0.082033,0.030658,0.57886,0.448286,0.108487,0.265136,0.081959,0.1984358,0.179301883057473,2.27708752925115,-0.174490093411831,16.0819187866146,6.06604586179272e-05,0.0106290457088298,chr2,103035149,103069025
IL1RAPL1,0.934522,1.638842,4.330077,1.058908,1.228811,0.261319,1.115655,0.22847,1.3495755,1.29473129697942,,0.475533,0.756736,1.427736,1.226602,0.337809,0.635582,0.63827,0.709493,0.661325,0.212509,0.7081595,0.370918368578811,1.30806018292294,1.20179948576453,13.0889287150216,0.000297046181045246,0.0233349015943861,chrX,28605516,29974840
IL1RL1,23.895392,8.045931,0.050561,11.599577,27.817327,3.906802,2.496945,34.981668,14.099275375,13.0875163657739,,3.98394,0.202194,6.905573,0.048879,0.012061,1.134593,5.758626,6.877162,4.078482,7.202609,3.6204119,3.03286322093835,2.97606516572475,5.05931130894471,12.1274043804846,0.000496862281834681,0.0305171520152019,chr2,102927962,102968497
IL1RL2,0.660003,0.16125,0.167147,0.323027,0.254142,0.147911,0.545729,0.101853,0.29513275,0.204143982452687,,0.777864,0.870393,2.057971,1.755071,0.819366,0.468928,1.358582,0.686122,0.663724,0.622177,1.0080198,0.532554888684892,-1.47668890581768,0.0809704987329158,18.1137416058392,2.08094235022423e-05,0.00677251059487632,chr2,102803433,102856462
IL2RB,0.091082,0.056404,0.154552,0.277761,0.096369,0.083753,0.239747,0.133317,0.141623125,0.0789317563784193,,0.06792,0.070993,0.055265,0.06868,0.02268,0.154961,0.028918,0.0,0.0,0.037877,0.0507294,0.0453232667798781,2.03841137177958,-1.69578212930105,13.6544303965753,0.000219722269077139,0.0198051614766916,chr22,37521878,37571094
INPP4A,19.280423,4.033524,5.410738,10.333739,6.524349,6.003124,5.79632,0.850016,7.279029125,5.51771995739074,,13.189889,21.986073,33.18721,31.8404,9.931496,9.270413,12.097288,10.878346,11.720456,11.164156,16.5265727,9.14422666758415,-1.02847549330268,5.83030874553227,14.958433401869,0.000109905723823778,0.0139236045512679,chr2,99061317,99210853
IP6K3,2.326273,5.33139,10.648178,4.905735,8.639259,0.480508,1.957688,0.952574,4.405200625,3.6964554291626,,1.361593,2.479964,0.887711,0.632478,0.637396,4.262475,1.78436,1.939579,2.660403,0.477123,1.7123082,1.18783121855186,1.62575015124887,2.41591063444278,13.4763075358991,0.00024159477290895,0.0210078328699944,chr6,33689444,33714762
IPCEF1,9.246634,2.094231,3.442557,2.668604,4.282986,7.576323,6.454642,0.445084,4.526382625,2.98947474762736,,11.713387,7.794821,13.639909,27.9887,12.421584,17.402468,12.009926,8.195271,11.101019,16.69669,13.8963775,5.83893587213826,-1.29089606607547,5.24917767569608,13.7981212126438,0.000203539669270293,0.019020211107438,chr6,154475631,154677926
ITGA2,2.323846,3.186289,10.292189,4.162824,1.957339,0.600466,1.950257,0.51786,3.12388375,3.1397264472641,,1.244706,3.066467,2.01497,1.289215,0.586583,1.871271,1.339893,1.149195,1.426831,1.057795,1.5046926,0.679065390084244,1.31386441888088,3.43854730360208,16.8968310236779,3.94674184791884e-05,0.0086627924072014,chr5,52285156,52390609
ITPR1,19.076807,2.612682,4.834111,3.752157,3.870798,9.042404,9.576509,1.102638,6.73351325,5.7959328202762,,11.311002,27.527301,36.795094,59.911741,15.565948,8.658314,18.371341,11.474713,7.58622,19.344481,21.6546155,16.1862871326312,-1.30580415492454,6.18026570855626,15.4347533333308,8.540315717423e-05,0.0123060951338918,chr3,4535032,4889524
JPH2,0.341721,0.75628,0.624857,0.65304,1.329347,0.136122,0.189797,0.277581,0.538593125,0.393472909936064,,0.215903,0.22791,0.896427,0.222422,0.303303,0.171723,0.328046,0.18981,0.222103,0.125455,0.2903102,0.220857439204972,1.49238907038554,0.458100286087526,12.4830387258307,0.000410663637197616,0.0276850231225191,chr20,42740335,42816218
KANK2,12.38535,10.28473,7.412176,16.285886,7.178796,1.844045,4.639082,4.715535,8.0932,4.69097732500476,,5.265037,7.757468,8.692154,10.394752,4.095574,6.657794,4.541564,3.864471,5.308296,2.337086,5.8914196,2.46565181956308,1.0822411059172,4.44576605173975,16.4177435215379,5.08074023975966e-05,0.00972017699450506,chr19,11274943,11308467
KB-1410C5.3,0.086846,0.0,0.0,0.0,0.0,0.0,0.0,0.0,0.01085575,0.0307046977594635,,0,0.268524,0.390898,0.756603,0.169902,0.123276,0.392388,0.0,0.0,0.109325,0.2210916,0.240028583629441,-3.62900406280945,-3.57286979482411,10.9303549321064,0.000946013704877346,0.0435189359004868,chr8,102299673,102306011
KB-1958F4.1,0.128775,0.037184,0.085981,0.430412,0.0,0.129391,0.0,0.065057,0.1096,0.139124834342605,,0,0.0,0.0,0.069252,0.0,0.0,0.0,0.0,0.0,0.0,0.0069252,0.0218994052521981,3.64465093319228,-4.30206394875781,11.9134255183868,0.000557308222878671,0.0322887761849638,chr8,98156398,98156951
KCNA1,2.93521,0.796622,0.775198,1.12099,1.68693,1.590685,4.251031,0.090006,1.655834,1.34316801560245,,3.58385,6.728026,6.185499,11.501283,4.314132,3.689298,4.354941,3.672665,2.17799,3.621226,4.982891,2.64347725901922,-1.34354452433855,3.96824518269053,15.7854507732816,7.09459785317647e-05,0.0113177207276089,chr12,5019071,5040527
KCNA2,10.401142,4.1332,4.456203,4.513622,4.570431,7.184359,9.897435,0.329296,5.685711,3.32631624812048,,16.362351,14.75899,19.142674,28.554042,12.388858,9.217066,15.572549,9.619543,8.801743,10.160419,14.4578235,6.06653651029059,-1.02756255305659,3.69444060771258,11.0930158138405,0.000866534487418001,0.0412296989378161,chr1,111136202,111174096
KCNE4,19.265575,2.081803,3.836923,10.896568,3.913148,0.690708,1.414634,4.780868,5.860028375,6.26648327726957,,1.127337,1.825218,1.810311,2.071881,0.622536,2.548323,0.800131,1.914911,2.971665,1.156723,1.6849036,0.75576456877246,2.21967285674655,2.94690050963829,28.1627404273818,1.11531075573167e-07,0.000394743329914556,chr2,223916532,224063117
KCNF1,17.936817,4.189275,4.513302,3.973094,8.975443,10.104499,11.495544,2.2102,7.92477175,5.24691385019471,,17.199814,29.430742,29.452871,28.294937,25.286629,13.139563,29.085163,24.40008,17.758827,10.755485,22.4804111,7.15555061000022,-1.11982439371006,4.49003314491767,14.794081175439,0.000119911271501555,0.0143561424817369,chr2,11052063,11054350
KCNG3,0.321593,0.070363,0.084037,0.298035,0.191373,0.217785,0.523486,0.0,0.213334,0.168294150273519,,0.683899,1.102345,1.274573,2.689924,0.701838,0.204418,0.442753,0.559724,0.750792,0.513208,0.8923474,0.703248535736865,-1.73436511478104,0.346857754202728,13.7654587943015,0.00020710938404645,0.0191882310032534,chr2,42669157,42721237
KCNH1,0.361533,0.300437,0.488793,0.465351,0.320455,0.370343,0.629099,0.037633,0.3717055,0.172438792631721,,0.849825,0.475249,1.197719,5.37099,1.541437,1.485222,1.148731,0.444215,0.500944,1.766283,1.4780615,1.44733446053727,-1.63411465231574,0.856254123821849,14.0526176040093,0.000177766231081213,0.0176609191226281,chr1,210856555,211307457
KCNH8,7.371235,24.663897,36.331828,9.303162,20.071082,3.013369,10.078923,3.27434,14.2634795,11.7464487445155,,6.470644,13.686922,7.24167,7.694946,2.480338,10.219093,10.871504,6.771324,8.077509,2.158264,7.5672214,3.53951142556142,1.36771441514674,5.1720488301129,15.1867475143467,9.73844753594142e-05,0.0130342323284792,chr3,19189946,19577138
KCNIP4,21.763438,9.827861,15.777486,12.915914,13.282502,13.919732,30.329868,2.788483,15.0756605,8.15597937476563,,35.709448,51.069259,45.60214,96.997427,43.930164,29.34999,21.147939,15.855221,23.603771,79.668592,44.2933951,26.1329263345925,-1.32890300146281,5.36082744988768,14.6517633886528,0.0001293136044093,0.0147963407446684,chr4,20730239,21950422
KCNJ2,4.167114,2.524286,9.478413,3.040554,1.61216,1.06003,1.145831,1.038034,3.00830275,2.84193655733032,,1.259879,2.622161,2.246247,2.167268,0.854649,2.627591,1.532276,2.128966,2.220221,0.885464,1.8544722,0.670280314297898,1.03450807081057,2.99529899988999,11.9902458142092,0.000534797350795317,0.0316458089636238,chr17,68164814,68176189
KCNJ2-AS1,2.017029,2.908774,9.717971,2.453217,1.161423,0.866351,1.774291,0.617177,2.689529125,2.94585797117146,,1.337142,2.092027,1.644028,0.647061,0.668456,1.208116,1.45384,1.000456,1.649378,0.457885,1.2158389,0.522222440781587,1.43501642147099,1.57850008741883,14.8261925203593,0.000117886788990103,0.0143054013688947,chr17,68163102,68165543
KCNJ3,10.912683,2.286946,4.122852,7.154799,4.472281,3.520752,9.44389,0.312003,5.27827575,3.61160167590858,,11.235016,25.628777,19.841849,30.128828,11.55459,5.226256,12.204764,9.32898,6.430329,11.823439,14.3402828,8.20581914392535,-1.19693256078095,4.86881056542033,15.250044529708,9.41745355333546e-05,0.0127889922607154,chr2,155554811,155714863
KCNJ4,15.174556,4.220849,2.940573,5.393341,8.095618,12.316629,8.019251,1.097819,7.1573295,4.76221530231635,,13.082938,20.200209,22.43301,43.192413,27.348442,13.574342,20.826157,15.61049,19.604019,12.362926,20.8234946,9.18109573125862,-1.15733993632392,4.22323243592225,12.4950679088505,0.000408027799040651,0.0276850231225191,chr22,38822332,38851205
KCNJ6,2.374486,0.617982,0.588234,1.330671,1.014885,1.38625,2.36983,0.120868,1.22540075,0.819958013625567,,3.24404,4.39544,3.804801,6.725536,2.595537,3.001597,2.564729,2.690361,1.532939,3.451631,3.4006611,1.40372547339756,-1.17208750705057,4.82038760459397,16.0605963183175,6.13473620924777e-05,0.0106893531321075,chr21,38979678,39288749
KCNK1,16.020632,8.477454,14.862362,13.724268,7.187286,13.21533,13.341195,1.347267,11.02197425,4.95705155549883,,23.525944,44.940514,39.891513,121.982639,38.614323,24.332215,21.983006,20.924675,20.583561,31.883486,38.8661876,30.5193351247005,-1.33838522110587,4.93824022399948,22.8886512966724,1.71662393476376e-06,0.00191499677296906,chr1,233749750,233808258
KCNK12,3.451765,1.064473,1.568578,1.159614,1.424601,1.81411,1.675586,0.324745,1.560434,0.894971880396889,,3.066772,2.874568,3.621149,8.665777,4.013235,3.916864,3.37291,2.356848,2.819622,4.221313,3.8929058,1.77883769460034,-1.00747573788758,3.44837756531631,13.0325373578014,0.000306125505474681,0.0235754092680639,chr2,47743720,47798078
KCNQ1OT1,0.261407,0.239086,0.644193,0.246066,0.117573,0.072994,0.157392,0.071788,0.226312375,0.18530584641069,,0.202976,0.215313,0.254763,0.150519,0.040511,0.118493,0.125678,0.092057,0.149592,0.061515,0.1411417,0.0683311788913215,1.0771790762101,3.38316815046648,13.439376572674,0.000246397488899553,0.0210078328699944,chr11,2629558,2721224
KCNS2,0.834082,0.173917,0.272138,0.150441,0.641322,0.651359,0.92856,0.066366,0.464773125,0.337365762400581,,1.502031,0.805901,1.758676,6.649799,1.73889,1.382944,1.280723,0.767963,0.65817,1.535073,1.808017,1.74753842153953,-1.51698923349808,1.87655389744759,12.1912691658941,0.000480137055319579,0.029977597911458,chr8,99439250,99445076
KDELC2,7.738895,3.763462,6.271554,11.459631,2.985958,1.415654,2.6853,2.077717,4.799771375,3.44041105739582,,2.854847,3.814785,5.871021,3.645846,1.064597,3.423157,2.199052,2.302924,3.702609,1.001194,2.9880032,1.44854515120607,1.08281586753278,3.37551267628607,16.2559526589871,5.53354675950307e-05,0.0102710837615996,chr11,108342832,108369159
KHDRBS2,3.360809,0.945922,1.476535,0.848198,2.01675,1.843909,3.297478,0.204904,1.749313125,1.13334256050076,,2.914458,6.002058,6.309281,10.702577,4.103208,3.092046,3.875703,3.112695,2.580987,4.076416,4.6769429,2.4612252484451,-1.05462268393664,2.21635667775876,10.6791447214698,0.00108350145402504,0.047161878431963,chr6,62389865,62996132
KIAA0513,42.472048,9.067146,13.773876,14.378777,14.658668,21.342426,38.484942,3.225609,19.6754365,13.8741562601551,,33.467933,64.630616,97.600372,146.940159,43.262646,26.096251,54.87177,47.373639,28.450213,29.145734,57.1839333,38.2697615314737,-1.12262863129677,7.13083431989185,14.8511686684298,0.000116335964775964,0.0142418929665867,chr16,85061375,85127836
KIAA1045,20.831059,6.140859,7.116627,7.6288,13.795002,20.687616,25.300279,1.34694,12.85589775,8.60641938765769,,35.70123,41.639609,57.225461,88.009817,40.521778,37.652178,45.121705,27.559104,27.078608,35.946705,43.6456195,17.8266504868522,-1.37629332062475,6.65656181339108,18.4384447960953,1.75481663569911e-05,0.00617226778031085,chr9,34957484,34982541
KIAA1211L,17.448396,5.00071,5.74436,7.938504,7.639216,16.119003,14.422946,1.179361,9.436562,5.86361254447025,,22.43474,29.775755,29.374246,49.380613,21.692935,15.842888,19.847394,15.212916,23.568037,29.155739,25.6285263,9.86257057708894,-1.05763226646742,5.40511635781865,12.4309771157562,0.000422270914428457,0.028132681897846,chr2,99410309,99552722
KIAA1549L,13.209826,3.158003,3.440388,3.610408,6.256703,11.110616,11.809841,0.550092,6.643234625,4.76070728743282,,16.603165,11.982171,27.602808,51.615598,21.933877,14.409402,22.212192,10.417744,13.964515,28.894951,21.9636423,12.2105109897179,-1.40003654923167,6.73863233314025,13.5351840774329,0.000234132418102889,0.0206200384210708,chr11,33563618,33695648
KIF19,10.896052,15.528882,18.403803,14.319198,21.405228,4.307797,5.085994,9.344058,12.4113765,6.10843730525031,,5.301911,8.304992,3.910552,1.514872,0.39705,4.040618,8.520745,9.728694,5.614201,2.433147,4.9766782,3.12998809807136,1.87270059960276,4.31110656356351,19.4539319421699,1.03055468754774e-05,0.00511923521062638,chr17,72322349,72351959
KIF3C,56.985569,12.723672,16.418624,20.186997,26.664309,29.029736,52.570148,5.365811,27.49310825,18.460336982243,,53.540546,93.853467,91.939961,146.078156,73.049319,44.528912,58.489031,57.169536,60.791784,65.206149,74.4646861,29.7634845939699,-1.10997957565117,7.40102824740565,15.8509068573337,6.85336857117449e-05,0.0111203269002017,chr2,26149471,26205618
KIF6,2.579621,4.362237,8.771715,13.919509,2.932116,0.711361,3.445073,0.890742,4.70154675,4.492982214303,,2.026845,4.188247,4.087671,1.549646,0.952844,4.109982,2.97889,2.739273,1.943326,0.511277,2.5088001,1.33476494565252,1.21690640967186,3.22786210585156,13.0343982341174,0.000305821475761933,0.0235754092680639,chr6,39297766,39693181
KLRD1,0.346082,0.121288,0.150221,0.589953,0.255551,0.0,0.240153,0.368541,0.258973625,0.180221276230826,,0.113952,0.066687,0.14045,0.191333,0.0,0.079529,0.030447,0.107591,0.0,0.061939,0.0791928,0.0612062838055774,2.11543545672714,-1.50764616391748,11.6456566939004,0.000643526120503565,0.0347349113855523,chr12,10378657,10469850
KRT16,0.038616,0.0,0.0,0.166606,0.0,0.099559,0.0,0.526669,0.10393125,0.181315568207752,,0,0.0,0.0,0.0,0.0,0.0,0.0,0.0,0.0,0.0,0,0,7.376212437077,-2.96721584345456,21.0769180636592,4.41210897400998e-06,0.00292049652284078,chr17,39766030,39772151
KRT222,12.831976,5.326262,5.872122,5.810663,9.079889,7.21411,18.746391,0.838572,8.214998125,5.45111900121867,,19.942038,32.581736,29.960825,39.847635,17.815686,12.302769,19.944089,14.390275,15.665359,22.959085,22.5409497,8.88145299881411,-1.14936814187844,3.56257320411999,15.4459851239781,8.48971026644103e-05,0.0122643827213849,chr17,38785049,38821393
KRT222,12.831976,5.326262,5.872122,5.810663,9.079889,7.21411,18.746391,0.838572,8.214998125,5.45111900121867,,19.942038,32.581736,29.960825,39.847635,17.815686,12.302769,19.944089,14.390275,15.665359,22.959085,22.5409497,8.88145299881411,-1.14936814187844,3.56257320411999,15.4459851239781,8.48971026644103e-05,0.0122643827213849,chr17,38810917,38821433
LA16c-380H5.5,1.265803,1.053911,0.957855,0.930586,0.967746,1.802836,0.858445,0.231511,1.008586625,0.436832988464842,,2.18301,4.38638,6.2385,4.349116,3.563216,2.829855,2.420087,2.290131,1.850719,1.933975,3.2044989,1.41903532102861,-1.14935180171797,0.803591668266844,11.3560956387474,0.000752007453621034,0.0383365246460057,chr16,3056121,3057386
LAMP2,107.401904,102.221639,265.937656,122.151708,68.744427,16.393843,54.002019,17.153463,94.250832375,79.9710372238029,,45.458316,93.20385,89.106286,63.991406,23.606518,99.559652,41.230722,50.866336,61.161448,24.728995,59.2913529,27.3711031648423,1.13776797031399,7.16882025791133,12.3430897038297,0.000442621842836666,0.0285429144623934,chrX,119561682,119603220
LARGE,19.70117,4.397744,7.923295,9.026785,6.304256,8.841187,17.810891,1.43903,9.43054475,6.29586242061235,,20.019525,37.541489,38.79157,54.741499,26.915592,17.625532,24.11609,18.976715,15.869093,20.699945,27.529705,12.42685995577,-1.24351480380908,5.5608808051929,24.8521545039958,6.18998238735946e-07,0.00113075004068961,chr22,33558212,34318829
LATS2,3.029358,1.39985,2.75541,3.443282,1.798814,0.492244,1.158635,0.784752,1.857793125,1.09611062259576,,1.122207,2.069687,1.983067,1.094211,0.51263,1.393662,0.761136,1.087057,1.064448,0.49341,1.1581515,0.537717758473357,1.07905651998289,2.37322528734458,15.8740063612032,6.77022253419748e-05,0.0110487300256216,chr13,21547171,21635686
LCAT,20.201363,10.204536,22.926573,45.416792,12.103225,1.968099,12.920172,3.542663,16.160427875,13.8414889218693,,9.190403,10.382139,11.618074,11.5184,3.396997,9.705877,10.561028,12.154454,9.989394,2.998308,9.1515074,3.26925352313536,1.05648815227292,2.85396937383706,12.087193186642,0.000507693456257136,0.0309241425307928,chr16,67973653,67978034
LCK,0.244182,0.095625,0.188262,1.847568,0.204535,0.0,0.362374,0.166969,0.388689375,0.598821672975457,,0,0.177111,0.051138,0.0,0.095299,0.068212,0.0,0.091541,0.070925,0.0,0.0554226,0.0581297801937852,2.67905463848268,-1.79861054079824,12.6658760169469,0.000372390008941517,0.026426157664598,chr1,32716840,32751766
LCN12,19.346523,10.661175,10.576368,43.440207,15.868258,8.309489,15.003742,0.835907,15.505208625,12.5938081538799,,6.295994,5.546932,4.992712,12.840893,2.476329,5.125371,7.296154,13.008078,6.721787,2.701711,6.7005961,3.62967817230051,1.39335891237919,3.05469965128152,18.1727577510046,2.01744079042855e-05,0.00672594916033066,chr9,139844003,139849949
LDB2,31.718364,7.05113,13.304064,8.938308,8.547117,25.661618,28.235401,3.911332,15.92091675,10.8822793810038,,28.035636,64.444242,46.93844,130.431942,51.554872,25.951939,31.133305,28.359056,36.023632,62.457961,50.5331025,31.4862351417747,-1.26123356350543,5.65233235516485,14.1621131821067,0.000167713803328111,0.0170205465388308,chr4,16503164,16900432
LGR5,2.875948,4.526483,19.18141,3.452178,4.685621,0.725708,3.989727,0.734648,5.021465375,5.9260027139057,,1.291148,4.000639,3.156589,1.444751,0.841125,2.828995,1.922414,2.235633,1.714492,0.380054,1.981584,1.10278143181996,1.6404198262004,3.16707300230048,18.388334073423,1.80157613417985e-05,0.00622082042088235,chr12,71833550,71980090
LHFPL5,0.906241,0.210135,0.27717,0.269433,0.348668,0.437513,0.596881,0.0,0.380755125,0.273679955041044,,0.911045,3.173728,2.045095,2.258027,0.701211,0.710815,1.431771,0.922112,0.604801,0.938705,1.369731,0.854152385084509,-1.50162645442414,0.165281978614163,13.0653416160412,0.000300810335315163,0.0234313459127405,chr6,35773070,35801651
LHX8,0,0.0,0.01749,0.065192,1.224071,0.0,0.027473,0.010203,0.168053625,0.427255094417153,,0.020357,0.020326,0.0,0.0,0.0,0.0,0.0,0.0,0.0,0.0,0.0040683,0.00857673258233512,5.20281660562578,-2.65493506121759,14.3717446361557,0.000150036883364794,0.0160917399016381,chr1,75594119,75627218
LINC00460,1.936332,1.250456,0.620511,0.164516,0.811288,2.698708,2.811485,0.391394,1.33558625,1.03189468210482,,3.203704,8.279136,2.653213,8.324104,5.590316,4.263165,3.789397,2.94428,8.528377,6.779461,5.4355153,2.37670691716024,-1.52516701283953,0.76179488322966,10.4710987222279,0.00121256580824571,0.0497601067106712,chr13,107028911,107030565
LINC00472,1.647957,1.20397,1.514148,5.52289,1.202597,0.451011,1.821966,0.2653,1.703729875,1.63786860273165,,0.8183,1.572703,1.334961,1.101796,0.48594,1.419774,0.570163,0.752207,0.745049,0.259653,0.9060546,0.433980329359446,1.10373555145394,0.160181065977405,11.8527492734922,0.000575762807981218,0.0330678215549375,chr6,72054047,72130472
LINC00552,0.131853,0.03533,0.05749,0.028285,0.039644,0.062345,0.09112,0.0,0.055758375,0.0407571079407804,,0.182235,0.277127,0.272448,0.276065,0.127258,0.432406,0.159745,0.117206,0.199872,0.11702,0.2161382,0.09964342367529,-1.57631143306705,-1.97467517366445,13.6597949904695,0.000219095419581403,0.0197881252240435,chr13,114451484,114454062
LINC00577,0.901843,0.206414,0.601473,0.250998,0.73805,0.792143,0.643824,0.0,0.516843125,0.323021550104827,,1.431537,1.368335,2.42684,3.019653,1.111867,0.62142,2.404285,1.331756,2.911752,1.839062,1.8466507,0.807281280918732,-1.52059734663188,-1.08939441895583,11.3741534982846,0.000744731573043358,0.0382005473277829,chr6,105384169,105388402
LINC00617,7.532559,1.508488,2.112788,3.089509,5.658988,4.053362,5.176724,0.679322,3.7264675,2.31902930244679,,14.463971,13.795138,21.804485,10.968368,9.06442,3.283748,21.834056,6.923091,6.977032,6.863193,11.5977502,6.35574237436883,-1.26503378980441,3.92587953165238,14.7424485807966,0.000123240128710962,0.0146086834042468,chr14,96342729,96391908
LINC00861,0.173491,0.101259,0.072754,0.370959,0.032715,0.045135,0.357202,0.22251,0.172003125,0.134582446655718,,0,0.053515,0.058447,0.027009,0.026755,0.139515,0.0,0.049555,0.017751,0.0,0.0372547,0.0422707249236001,2.70831857445237,-1.63441987090609,20.4957686493634,5.97632214991354e-06,0.00354144932098652,chr8,126934552,126963493
LINC00881,0.496454,0.117394,0.190614,0.249392,0.281383,0.480174,0.110348,0.0,0.240719875,0.176120766326841,,1.206618,0.725998,1.63822,1.011618,0.443559,4.228996,1.416176,1.033268,0.405577,0.260888,1.2370918,1.14373068181619,-1.96891503042375,-1.32402465625897,13.3281559434294,0.000261450507013297,0.0219995256488202,chr3,156807670,156818924
LINC00922,0,0.0,0.0,0.0,0.0,0.0,0.0,0.0,0,0,,0.050163,0.076127,0.091313,0.062888,0.0,0.204227,0.062878,0.0,0.0,0.093688,0.0641284,0.061391137708594,-5.04592107408919,-3.97465426671372,16.0771454982917,6.0813555062969e-05,0.0106290457088298,chr16,65318402,65610203
LINC01088,13.609153,13.318268,22.613509,76.752497,17.258458,0.890657,9.254037,3.980373,19.709619,24.0751129840694,,7.707299,11.08527,9.419048,2.334266,1.64811,11.602245,3.982359,10.776117,2.814536,1.332298,6.2701548,4.24674237170257,1.84944615099046,2.3936409621331,16.438379139276,5.02573192088324e-05,0.00965472321441333,chr4,79892902,80229952
LINGO1,32.56702,15.598398,13.680779,10.455991,20.156862,37.390479,53.646848,3.475098,23.371434375,16.5832459674019,,48.351806,59.714915,71.974564,129.818062,103.84552,37.450962,67.834124,73.166051,62.633053,58.95166,71.3740717,26.9436814122669,-1.26311756099322,6.50669494051178,13.050798233025,0.000303155175653952,0.0234847803585604,chr15,77905369,78113242
LL0XNC01-7P3.1,1.520692,1.365518,3.065242,1.735723,1.758606,0.641358,1.708404,0.537096,1.541579875,0.782394659114191,,0.783026,0.551839,1.331921,0.837356,0.342394,1.200202,1.281622,1.094658,1.082576,0.272742,0.8778336,0.38468239437986,1.18922223074468,0.120492895286542,12.4005228802725,0.000429213646164714,0.0283286008958759,chrX,49129517,49132231
LL0XNC01-7P3.1,1.520692,1.365518,3.065242,1.735723,1.758606,0.641358,1.708404,0.537096,1.541579875,0.782394659114191,,0.783026,0.551839,1.331921,0.837356,0.342394,1.200202,1.281622,1.094658,1.082576,0.272742,0.8778336,0.38468239437986,1.18922223074468,0.120492895286542,12.4005228802725,0.000429213646164714,0.0283286008958759,JH806590.2,1512483,1515197
LMO4,46.056581,15.322178,20.694623,19.267805,18.739106,29.428655,32.291122,8.982536,23.84782575,11.6272188081178,,56.52091,100.266617,65.909978,149.670297,60.064179,40.932044,46.476309,35.65318,51.016716,66.622924,67.3133154,34.0557714729416,-1.02079355180056,7.10383455395079,14.4381827034724,0.000144835775206814,0.0157426201807806,chr1,87794151,87814606
LMOD1,14.337474,12.194858,11.349971,15.848501,18.57152,4.906549,5.13027,4.592731,10.86648425,5.42506267054992,,5.477742,6.58398,18.31547,5.912707,5.132677,7.614768,7.602839,5.734402,5.628322,3.706564,7.1709471,4.08218881371239,1.08405182572556,4.5499367679378,17.78056416427,2.47902736293909e-05,0.00720912064637772,chr1,201865580,201915715
LNX1,7.768154,1.899723,3.046748,2.787654,3.190768,7.033871,5.689546,0.406262,3.97784075,2.58051601035821,,9.55526,11.527679,19.697511,40.023136,11.453222,6.985879,9.340337,7.387657,7.428968,13.714971,13.711462,9.99488755855171,-1.35935050841729,4.34920173307588,15.4164098693535,8.62361665647022e-05,0.0123346933905874,chr4,54325468,54567572
LOXHD1,0.147089,0.010653,0.134986,0.053719,0.0,0.0,0.161242,0.0,0.063461125,0.0723444922978888,,0.148808,0.251676,0.484026,0.782381,0.214543,0.9047,0.305426,0.190038,0.162173,0.10833,0.3552101,0.279302587578995,-2.37404663434629,-0.44873744221159,15.4907315517607,8.29108004287924e-05,0.0120698090423704,chr18,44056935,44236996
LPPR4,34.633317,6.516921,11.033531,8.683808,16.999384,12.851117,39.381601,1.145129,16.405601,13.5872122777208,,30.919685,65.300466,94.237901,108.472614,31.206406,16.384628,31.062783,38.573792,18.094799,33.64653,46.7899604,31.8484331898767,-1.19192551841371,6.6009652729002,11.3562794241332,0.000751933042135936,0.0383365246460057,chr1,99729509,99775146
LRAT,3.137051,1.646951,3.117181,10.983876,3.232803,0.528396,1.523282,0.175831,3.043171375,3.42074077115081,,1.711468,1.451233,2.670874,1.687674,0.443197,1.033065,0.597237,1.414343,0.625591,0.609114,1.2243796,0.699924308259464,1.1948253247436,2.26245116668184,11.7568345906971,0.000606202311066877,0.0339322626293737,chr4,155548097,155674270
LRIG3,3.792678,4.018608,5.04462,6.799917,3.544426,0.835496,2.694212,0.807065,3.44212775,2.02152250588996,,1.395119,3.612128,3.647698,2.385549,0.746864,2.016209,2.088334,1.63902,1.503106,0.836839,1.9870866,1.00748840993854,1.02776934972368,2.29459782606296,12.9128156548467,0.000326340016420846,0.0244772301852928,chr12,59265931,59314303
LRRC1,11.333944,7.015062,18.8134,12.523403,8.741379,2.588383,4.97439,2.253559,8.53044,5.59638005940958,,3.907278,7.186211,11.052256,4.209153,1.268659,4.385204,4.48703,5.835475,3.557644,1.788178,4.7677088,2.79577930744855,1.16341109244556,3.3935508452001,17.9922468589765,2.21806520409682e-05,0.00698456602559851,chr6,53659295,53788919
LRRC14B,0,0.0,0.0,0.0,0.0,0.0,0.0,0.0,0,0,,0,0.075856,0.056592,0.036477,0.13426,0.0,0.073641,0.106148,0.0,0.0,0.0482974,0.0490771644639564,-4.85388315110403,-4.05826846385661,12.4222796355172,0.000424242062270849,0.0281645999347431,chr5,191626,195468
LRRC2,1.998047,0.473149,0.962144,0.992303,0.146581,1.225357,1.69741,0.173119,0.95851375,0.677243984597395,,3.330723,3.68373,5.110725,10.094758,2.300242,1.623345,2.2891,1.978858,2.185025,3.352962,3.5949468,2.50665148571063,-1.51992842406426,2.81413949330496,17.846130671843,2.39505779481333e-05,0.0071778944918345,chr3,46556913,46621589
LRRC73,3.916702,0.605533,1.422294,1.758265,2.049875,2.351911,3.221574,0.268678,1.949354,1.23091095405755,,2.682029,8.994662,7.340205,10.792852,6.387774,2.109902,4.568927,5.641711,3.90081,2.514456,5.4933328,2.90961209646428,-1.15376420275344,2.28951137904518,11.4641226688743,0.000709527195882808,0.0370190592844305,chr6,43474707,43478424
LY86-AS1,3.984938,0.900646,0.526592,1.354496,0.348161,5.308726,2.85609,0.200843,1.9350615,1.90294975472772,,8.657484,7.131592,13.838629,30.097423,13.302417,4.409614,8.659664,3.330344,7.760746,14.657105,11.1845018,7.67234009820643,-2.08857668165235,2.8627694707371,17.7108726375595,2.57152574145687e-05,0.0073177352368322,chr6,6346698,6623004
MACROD2,5.966493,1.891682,2.889799,1.976023,6.277213,2.02546,11.952785,0.302463,4.16023975,3.76902395146135,,7.141413,11.702629,14.851033,23.07053,9.719674,3.655668,9.235684,9.200365,6.287555,11.215478,10.6080029,5.35990698978386,-1.0742292725126,3.82187107699039,12.2515486018633,0.000464872194560626,0.0292502750064152,chr20,13976015,16033842
MAGEE1,18.104279,4.270554,7.193316,6.195746,12.844049,7.516315,19.773414,0.463282,9.545119375,6.76045538835611,,19.123219,43.042738,41.522968,50.108204,17.002198,9.407981,20.13284,20.358773,14.924959,16.22582,25.18497,14.1184040794946,-1.06568068120159,4.25306855943206,10.6961806540108,0.0010735693848324,0.0469098462142545,chrX,75648046,75651744
MAGEE1,18.104279,4.270554,7.193316,6.195746,12.844049,7.516315,19.773414,0.463282,9.545119375,6.76045538835611,,19.123219,43.042738,41.522968,50.108204,17.002198,9.407981,20.13284,20.358773,14.924959,16.22582,25.18497,14.1184040794946,-1.06568068120159,4.25306855943206,10.6961806540108,0.0010735693848324,0.0469098462142545,JH720453.1,447073,450771
MAL2,24.49884,4.019155,5.472463,7.138156,4.903595,12.51765,19.04074,2.43322,10.002977375,7.98193124205951,,26.466858,52.007021,54.663142,104.760732,36.885145,24.265049,26.812761,21.7591,21.76128,40.570714,40.9951802,25.4367890257718,-1.64217053183593,5.4604557412123,25.874397740932,3.64369963387162e-07,0.00076421876506117,chr8,120177273,120257913
MAN1A1,12.034882,3.000416,5.761626,6.029579,3.351474,2.369739,5.066235,0.937134,4.818885625,3.40194832377444,,6.789076,24.941717,18.625682,30.13007,9.011368,11.306322,9.077437,6.488492,8.492146,9.668653,13.4530963,8.24754106980457,-1.15985993141606,4.7489950156062,24.3449207669281,8.05388233439362e-07,0.00126689806309549,chr6,119498374,119670926
MAN2A1,32.791894,34.486981,123.433901,37.034646,19.904365,6.649548,25.946058,5.841831,35.761153,37.3955645378641,,15.38243,30.269075,31.979833,19.980771,4.175591,17.643557,13.926071,12.119798,20.131262,6.531778,17.2140166,9.00025161312111,1.34751087199739,6.20554006825604,17.2239064898835,3.32229227260923e-05,0.00806091557985545,chr5,109025067,109205326
MAP2,132.734599,35.412067,45.742862,76.565329,103.643646,56.260063,179.803649,9.15077,79.914123125,56.1341499334746,,172.690949,274.509794,399.375288,302.936515,151.789571,138.423816,125.029121,162.614731,131.822903,213.047578,207.2240266,90.7221511810836,-1.07413261117135,9.44670333352111,10.8577884722472,0.000983811117572513,0.0443660555376667,chr2,210288782,210598842
MAP2K1,79.776382,9.492964,25.085503,24.714755,19.416123,18.384525,28.14295,3.878391,26.111449125,23.1827244978629,,67.486867,117.146451,144.891404,162.054835,47.378811,25.070537,46.765338,49.586156,41.281654,38.781052,74.0443105,48.8019463850123,-1.18846550537839,6.61367069202908,17.160336460266,3.43534904778353e-05,0.00820845490409002,chr15,66679155,66784650
MAP7D2,19.413002,5.222214,7.250258,5.108321,13.914815,11.922362,25.38008,0.631944,11.1053745,8.25032652259644,,28.095657,39.158417,73.228546,66.807012,27.903857,20.526079,34.276119,36.601677,20.432969,31.174828,37.8205161,18.0993749297714,-1.31091296278349,5.74398380556928,15.6873098463817,7.47238386217259e-05,0.0114940052519376,chrX,20024831,20135035
MASP1,12.919395,6.133873,9.936923,44.595351,9.037381,1.334157,6.322343,0.720822,11.375030625,14.0450204521792,,3.4387,3.881279,9.716635,3.354369,1.903179,2.559507,2.745759,9.49431,4.159752,5.44073,4.669422,2.77444917900757,1.40339602837498,3.88693957711577,11.6550309664537,0.000640291385362917,0.0347349113855523,chr3,186935942,187009810
MATN1-AS1,1.736768,2.732947,5.057667,1.470956,1.924455,0.457337,0.872489,0.919974,1.896574125,1.46255136803039,,0.744079,2.016597,0.877739,0.490114,0.467494,1.046439,0.776378,1.11264,0.777543,0.321873,0.8630896,0.476586130924283,1.49159591152024,1.30400177317542,16.9889217609183,3.75985580140078e-05,0.00847921222458258,chr1,31191351,31199674
MBOAT1,1.269213,0.416084,4.90948,1.474925,0.513093,0.059228,0.40626,0.439693,1.185997,1.57819352393171,,0.487134,0.988313,0.755747,0.926679,0.199391,0.488606,0.38331,0.290316,0.363987,0.079822,0.4963305,0.303511043657485,1.56473969028814,0.65094700339457,11.8129206656025,0.000588210873508515,0.0334852062604115,chr6,20100935,20212670
MCHR1,2.717501,0.574099,0.94975,0.333446,1.52488,1.821116,3.872172,0.159175,1.494017375,1.28350438186507,,4.578426,9.346435,8.369299,14.670417,7.209814,2.754061,6.541743,5.179129,4.259051,5.00703,6.7915405,3.41122041284505,-1.83126841406925,2.8750193950158,21.8269627303554,2.98377555581057e-06,0.00224281016855633,chr22,41074754,41078818
MCM8,2.236487,1.475952,1.363782,3.483904,0.867108,0.733812,1.484933,0.451639,1.512202125,0.969765423270337,,0.82845,1.832552,1.805456,1.303127,0.380104,0.914424,0.646257,0.587929,0.834942,0.420297,0.9553538,0.526320074012805,1.04080419545261,1.42557712495933,13.7614971917313,0.000207546619816906,0.0191882310032534,chr20,5931298,5975852
MDFI,3.123523,6.478332,2.909162,2.775269,3.040793,1.141384,3.421082,2.778296,3.208480125,1.48841600928364,,0.811812,1.107558,1.509647,1.45434,1.370956,2.74569,1.723871,2.651086,2.692769,1.555261,1.762299,0.692102151456946,1.49915486285775,1.36650474302785,11.6627158874181,0.000637651838973186,0.0347170682556091,chr6,41604620,41621984
MDH1,280.143693,49.127919,134.880352,123.08657,99.287864,92.378488,149.766365,13.964756,117.829500875,79.4477074106395,,224.939735,681.073189,590.27891,800.669569,208.843594,162.924082,201.908316,197.685772,154.229515,208.229128,343.078181,245.873903884716,-1.15173695629684,7.696814408366,16.2989875450573,5.40928455603832e-05,0.0102107458374631,chr2,63815743,63834331
MEDAG,1.551138,0.588459,0.257874,1.090484,4.789973,0.844616,0.150797,3.226185,1.56244075,1.62860262553917,,0.915482,0.513599,1.206654,0.635132,0.235005,0.293742,0.157419,0.173558,0.664535,0.889306,0.5684432,0.358841934155726,2.45821522411857,1.23236315038573,16.196808638845,5.70902135252898e-05,0.0103289511237177,chr13,31480328,31499709
MEIS1,2.499757,5.195609,11.017377,2.848847,7.653508,1.418385,2.801864,0.702066,4.267176625,3.5051519550317,,1.725614,2.656297,3.475058,2.825018,1.331619,3.522433,2.206557,2.847818,1.974184,0.760234,2.3324832,0.901892837112013,1.2339602600201,3.1043489984115,15.540267788861,8.07663553860512e-05,0.0118797868549524,chr2,66660584,66801001
MET,3.902734,1.987231,2.147719,0.593094,0.661138,1.250302,1.98127,0.746449,1.658742125,1.10946892628004,,2.057108,9.216788,4.627854,25.425229,6.246539,7.798767,4.845115,2.48713,2.193918,7.615222,7.251367,6.85988983164225,-1.6163784483317,4.17466599582058,16.6742728674375,4.43787879892721e-05,0.00919750001192825,chr7,116312444,116438440
MFAP4,12.644934,9.904689,9.552055,21.256124,14.610259,1.601879,9.173072,11.065105,11.226014625,5.54825622989136,,4.045802,7.106261,13.596519,4.244514,7.148691,15.865017,5.159886,6.731066,4.040247,1.055319,6.8993322,4.54498934900605,1.31836195441513,3.5866323116061,11.2101830639196,0.000813496942694956,0.0397852818974829,chr17,19286755,19290553
MFAP5,0.891689,0.425185,0.560869,2.393327,0.353717,0.107783,0.304978,1.07068,0.7635285,0.730046348098139,,0.269719,0.141426,0.233838,0.508387,0.078718,0.390089,0.155594,0.515299,0.198826,0.214647,0.2706543,0.151680702622354,1.88958698432331,-0.0252476870876514,16.3000857663958,5.40615045562454e-05,0.0102107458374631,chr12,8789942,8815484
MFSD4,22.659249,6.775917,11.869532,14.610198,13.176474,14.342591,24.192753,1.467529,13.636780375,7.49072171533409,,23.451739,42.0646,53.366088,92.847682,35.912039,9.733378,25.602868,26.702987,17.73058,34.269723,36.1681684,23.4483804723447,-1.14450337237251,5.91293306307522,13.4572999025193,0.000244054735368276,0.0210078328699944,chr1,205538013,205572046
MGP,32.513395,20.165216,19.461134,40.367547,31.503836,8.189561,4.551565,57.138208,26.73630775,17.3140830819566,,16.889469,11.826805,22.469801,10.076225,7.002705,26.570332,18.760032,5.473269,8.613821,6.907112,13.4589571,7.29487253059775,1.99844471804631,4.62265850350951,17.9228335410934,2.30044554112934e-05,0.00711868472943244,chr12,15034115,15038860
MICAL2,35.711008,7.651765,9.48296,17.480664,16.582546,33.570718,44.567525,1.706439,20.844203125,15.3279831422686,,51.782084,84.860013,66.090673,116.395955,46.908602,64.240072,56.515013,47.056138,36.570667,53.362309,62.3781526,23.1147921048898,-1.17294288753871,6.63081472638354,13.4467828744125,0.000245426677879305,0.0210078328699944,chr11,12115543,12285334
MID1IP1,28.695176,64.802688,61.749081,45.562073,36.003662,15.392366,32.483213,19.819218,38.063434625,18.1352131497502,,19.579048,30.340026,21.076316,15.536632,18.040821,43.406067,23.356566,27.110241,35.050564,12.350587,24.5846868,9.52492246032568,1.10536907363298,5.784967796124,14.2640661462174,0.000158869027995007,0.0165683134186542,chrX,38660685,38665790
MIR137HG,1.971521,0.491833,1.268881,0.563765,0.857726,0.834048,1.625797,0.109525,0.965387,0.619613913287714,,2.069956,2.727619,5.216467,5.275931,2.090996,1.97892,2.208781,1.977391,1.627404,1.494084,2.6667549,1.39895557282872,-1.09227065404936,1.47503821579338,12.5580899470401,0.000394494758025948,0.0272105282000626,chr1,98453556,98515419
MIR142,0.576299,0.253988,0.327397,0.508754,0.768524,0.119471,0.418857,0.087845,0.382641875,0.232806425578013,,0.132447,0.304978,0.2815,0.114931,0.022121,0.084319,0.109701,0.202249,0.15893,0.05665,0.1467826,0.0922314863267661,1.73983947909889,-1.71142621541604,17.8372002264836,2.4063245138951e-05,0.0071778944918345,chr17,56408245,56409869
MIR3150B,0.038449,0.0,0.029951,0.0,0.048292,0.0,0.038845,0.0,0.019442125,0.0213557268828862,,0,0.0,0.0,0.0,0.0,0.0,0.0,0.0,0.0,0.0,0,0,4.38117374987773,-4.46176070386111,13.319944755362,0.000262597914070651,0.0220434115822813,chr8,96079036,96085410
MLLT11,64.587494,22.756571,22.457481,22.843557,42.532589,44.171562,75.578094,5.479493,37.550855125,23.716359157999,,84.657211,121.036995,111.531952,202.205215,96.46521,112.905823,68.239014,67.087364,94.960777,100.892433,105.9981994,38.2888311471705,-1.15120641796755,7.5398797764479,15.3843495951929,8.77117607224628e-05,0.0124169653861145,chr1,151030234,151040970
MLTK,11.942312,5.429063,6.252076,17.487388,6.253459,2.20523,5.18203,2.862712,7.20178375,5.08615157089671,,5.662933,6.482991,5.93108,4.448166,2.084135,4.890343,3.718934,2.367129,5.603374,2.21608,4.3405165,1.65538489099298,1.17817024864094,4.51113756592636,15.9707441917762,6.432895790198e-05,0.0109068399911115,chr2,173940163,174132738
MMP3,0.581322,0.118532,0.095344,0.0,0.0,0.0,0.16395,0.007084,0.120779,0.196870092001227,,0.133776,1.87279,0.200896,0.253292,0.146482,75.008698,0.0,0.614386,0.221036,0.106714,7.855807,23.6014516168662,-5.80872675586941,1.33644061695614,16.6854901020113,4.4117144587342e-05,0.00919750001192825,chr11,102706532,102714534
MMP3,0.581322,0.118532,0.095344,0.0,0.0,0.0,0.16395,0.007084,0.120779,0.196870092001227,,0.133776,1.87279,0.200896,0.253292,0.146482,75.008698,0.0,0.614386,0.221036,0.106714,7.855807,23.6014516168662,-5.80872675586941,1.33644061695614,16.6854901020113,4.4117144587342e-05,0.00919750001192825,JH159139.1,4036,12038
MOAP1,77.630898,17.674959,28.688792,31.150564,35.555466,25.808798,63.65398,5.347632,35.688886125,23.7652319145292,,78.442824,168.694402,178.929875,216.012744,83.389217,66.969452,91.33267,76.515303,59.771759,64.030776,108.4089022,56.8341676808223,-1.26216898373254,6.72414504276904,26.2859995509459,2.94415250121891e-07,0.00069468504996469,chr14,93648541,93651273
MOB3B,6.898983,7.873107,22.080999,10.123108,6.120098,2.053809,4.199543,1.317951,7.58344975,6.55315430029733,,2.931549,7.158419,6.302949,4.480873,2.374368,5.630972,4.135928,4.697388,3.949008,2.422994,4.4084448,1.60834155877888,1.07338089732407,4.5512222922395,15.6639478926372,7.56525697332244e-05,0.0115475185213552,chr9,27325207,27529779
MPPED1,44.947802,7.168074,11.591405,2.260234,5.782663,14.524073,21.908926,1.771887,13.744383,14.2799535543417,,26.787621,81.725299,57.70993,51.779967,25.136881,14.897191,54.055245,36.42038,20.081372,21.578732,39.0172618,21.4886037199331,-1.21108570225662,5.64899364407108,12.4591077266306,0.000415958599797961,0.0278102946256892,chr22,43807202,43903728
MRAP,0.385547,0.112786,0.18836,0.230357,0.0,0.124248,0.0,2.11498,0.39453475,0.706422336475193,,0,0.0,0.010312,0.064132,0.056593,0.150184,0.136215,0.021547,0.0,0.0,0.0438983,0.057470228310066,4.12837236169402,-1.76407857601205,15.2796712701139,9.27088853699053e-05,0.0127118921782382,chr21,33664124,33687095
MRAP2,15.597733,3.254179,2.302642,2.402652,9.400157,3.685718,11.062205,0.480623,6.023238625,5.33545380286291,,15.637763,17.152039,27.863464,27.827789,10.188726,22.421688,12.827481,17.862764,8.424399,9.310208,16.9516321,7.1781113268351,-1.19282533950445,3.90030530244105,12.4913161313991,0.000408848052979275,0.0276850231225191,chr6,84743475,84800600
MSC,2.16376,0.313611,0.33771,1.097878,0.432344,1.130885,0.790728,0.85073,0.88970575,0.607312262782911,,1.421278,3.271726,4.251872,8.860183,3.610658,3.228534,4.016516,2.273549,1.817879,2.124319,3.4876514,2.11469676521225,-1.32403673878218,1.5239907760914,10.5667103412699,0.00115142450050787,0.0486234288137662,chr8,72753784,72756703
MSLNL,0,0.0,0.0,0.0,0.0,0.0,0.0,0.0,0,0,,0,0.182799,0.0,0.350471,0.047918,0.0,0.102271,0.0,0.0,0.0,0.0683459,0.116566274872519,-5.80120517039119,-3.45726137018056,11.7452456195746,0.000609988581057452,0.0339322626293737,chr16,819428,833370
MT-ND6,4602.73291,9380.574219,5367.19043,5080.472656,7191.790527,9746.390625,6197.682129,9677.024414,7155.48223875,2169.95379698314,,4213.789062,2172.487061,3170.819092,2894.063232,4878.825195,4171.030762,4012.775391,5075.111816,3690.428223,6038.026855,4031.7356689,1130.0480280204,1.5582203293617,11.3016382744901,12.4945640605647,0.000408137859191306,0.0276850231225191,chrM,14149,14673
MT-TA,2077.262695,1522.412598,2562.395752,1086.202637,1460.349243,1943.160889,1269.601318,3779.054443,1962.554946875,875.632617592905,,819.301453,610.4151,701.205322,644.948486,394.10788,426.672089,725.882385,1698.071533,307.630096,296.50177,662.4736114,407.303858262986,2.53394360202954,6.37072135711386,33.2088105730472,8.27746327547727e-09,9.23097153120859e-05,chrM,5587,5655
MT-TC,4416.297363,5048.359863,5586.503906,2421.856934,4903.264648,8170.125977,6576.491699,10815.441406,5992.2927245,2558.47159727818,,1542.175415,1124.739502,1191.26062,1402.519287,1312.62085,970.317993,1887.339844,5574.936523,926.917786,1709.469849,1764.2297669,1374.0597852619,2.65860507978313,7.90946280371992,30.0711410080086,4.16483232289899e-08,0.000217332480628371,chrM,5761,5826
MT-TE,1452.495117,3025.86499,1473.24939,1257.263062,1788.858887,2157.977295,1578.580078,2939.731445,1959.252533,686.422342397872,,1020.460205,765.521301,762.107727,991.041382,1008.276062,775.347656,963.8726810000001,1444.821045,903.466858,1612.306641,1024.7221558,286.726002585123,1.73052365489865,6.4932710281879,18.46010693516,1.73498243228699e-05,0.00617218670797985,chrM,14674,14742
MT-TN,3463.986816,2586.241699,4529.891602,1797.729614,2202.572998,3435.740479,2291.97168,6962.722656,3408.857193,1684.6119941867,,961.175049,908.474121,1068.04895,1086.907471,681.364624,462.316864,1020.547791,3270.94165,375.211029,498.723999,1033.3711548,830.046874592747,2.71632756505349,7.25138638982341,31.8938007727662,1.62836014522005e-08,0.000131732009519523,chrM,5657,5729
MT-TT,617.509705,391.372742,519.151733,461.588989,304.904388,280.213348,227.877167,853.734375,457.044055875,206.410207396748,,400.585907,856.344421,301.797607,347.832153,297.687561,147.969025,469.450684,289.973114,189.251999,116.242172,341.7134643,211.47433551631,1.38127964349353,4.43020425677595,11.1676362761383,0.000832366075634864,0.0403562144667181,chrM,15888,15953
MT-TV,5945.129395,6931.842773,5346.848633,5886.037598,4844.115723,5497.820801,3687.505371,11111.87793,6156.397278,2209.79749543261,,6574.782715,6081.864258,3503.760986,3382.35791,3779.51416,4206.644531,4724.490723,5802.334961,4544.641113,3468.218506,4606.8609863,1171.54393611096,1.31622406760897,8.3030978511582,11.0142272200214,0.000904152128495334,0.0423095791348302,chrM,1602,1670
MT-TW,304.07373,360.324341,323.608765,230.881165,433.688843,390.739807,278.910156,465.941254,348.521007625,79.5018451702582,,281.732971,236.679703,136.227554,137.085831,163.074066,194.530136,325.610138,244.358841,164.694794,110.443047,199.4437081,70.2801260371651,1.58873255682378,3.93957468279033,18.7676658947154,1.47649266743924e-05,0.00564947995029842,chrM,5512,5579
MT-TY,4562.087891,6013.951172,4146.452148,2151.059082,5753.449219,9176.069336,7745.73584,8645.480469,6024.285644625,2405.57143813068,,1843.105469,852.730896,1055.418579,1262.931519,1213.889038,1105.820801,1966.718872,4976.106934,1117.858765,2028.263672,1742.2844545,1209.54501398648,2.57990615413569,7.84841226653081,30.2662746140308,3.76617812050468e-08,0.000217332480628371,chrM,5826,5891
MT1E,246.124621,127.574436,162.985261,359.920509,328.894511,79.098711,121.70544,37.012326,182.914476875,117.05201464724,,119.399889,224.753496,147.983002,71.258577,42.778133,127.368278,66.944827,156.811909,34.895083,92.439249,108.4632443,58.6812298560929,1.05003929673301,5.93128524400128,13.5824315320641,0.000228312300262627,0.0203136419489972,chr16,56659387,56661024
MTND4P12,405.328125,151.05751,495.222626,21.192465,56.951511,66.670189,19.175493,61.258018,159.606992125,185.479042961181,,17.301674,11.900422,32.794064,6.78619,30.905729,12.583988,43.329559,38.682102,23.966024,16.776508,23.502626,12.3910126511781,2.94974160556135,6.3293467099818,35.130146425022,3.08389498630177e-09,4.36594722948207e-05,chr5,134262350,134263726
MTUS1,71.837446,64.635977,169.363718,93.082283,47.090114,32.898606,44.358364,32.334227,69.450091875,45.3765991736707,,40.60497,53.382145,57.259321,33.782637,16.525054,76.819181,43.068752,38.011248,52.408415,19.518823,43.1380546,17.9847423529476,1.07447169949686,7.04789287438713,16.2789289614195,5.4668502037988397e-05,0.0102172363099315,chr8,17501304,17658426
MUSK,0.204421,0.543405,0.539689,0.548559,0.406249,0.0,0.473362,0.066775,0.3478075,0.225219388180883,,0,0.398859,0.082669,0.0,0.056085,0.032993,0.049996,0.094347,0.04035,0.0,0.0755299,0.118386444278848,2.34062515930831,-1.39584161419196,10.9075507950019,0.000957730681621394,0.0437229763629424,chr9,113431051,113563859
MYO16,2.896219,0.588827,1.162381,0.561062,1.620084,1.292283,2.989281,0.312151,1.427786,1.02956618169527,,3.161383,5.05355,7.022279,4.52079,3.256676,1.237175,4.575434,2.893086,2.786771,3.263072,3.7770216,1.58038490070694,-1.04012681583929,3.47264485231205,11.2130697008687,0.000812232514319236,0.0397852818974829,chr13,109248500,109860355
MYO5A,24.987687,11.16654,15.590606,7.516575,11.306236,10.278413,19.425959,2.259592,12.816451,7.07612755112601,,24.675395,42.430192,52.586597,68.345694,22.850754,19.792992,26.413195,19.726396,19.737118,27.885944,32.4444277,16.6238057408784,-1.01711793114229,7.34297879715436,17.0490347515944,3.6426886356133e-05,0.00845417273549777,chr15,52599480,52821247
MYT1L,20.246473,2.986738,6.955122,4.275375,12.133146,11.221775,15.877883,0.564339,9.282606375,6.77944045749361,,32.693143,38.580943,51.457718,57.525504,17.934012,14.086045,20.792332,18.979632,19.249835,36.70159,30.8000754,15.1221709009562,-1.4860871113698,6.09573345591381,19.4191815772622,1.04947686732314e-05,0.00512334702755534,chr2,1792885,2335032
NAP1L2,56.864941,8.253021,17.295969,13.930844,20.484327,21.190254,31.088598,1.928266,21.3795275,16.806176213247,,52.052567,133.315689,128.192215,157.193863,41.23914,35.907227,44.637146,37.225491,35.259365,52.333767,71.735647,47.7445986494996,-1.38328368888645,6.10771999410662,19.8770547504936,8.25856178908124e-06,0.00445403900527506,chrX,72432135,72434684
NAPB,133.974231,36.361195,46.479349,39.49029,75.291138,73.780212,154.591736,6.13688,70.763128875,50.6813884913902,,192.710119,283.276154,359.25345,501.201694,185.402897,114.734636,186.07146,155.514304,137.827666,157.756198,227.3748578,120.593223787565,-1.32883094570691,8.43062739753515,16.2913394171523,5.4311614849979e-05,0.0102172363099315,chr20,23355159,23402125
NCALD,62.25492,13.365417,15.646274,12.12615,21.886732,28.511101,38.469661,3.107896,24.421018875,18.7332984260067,,84.429631,110.922542,166.231601,145.168735,82.42045,44.756585,116.887859,75.977778,72.4744,61.126748,96.0396329,38.1861865925001,-1.6315259371997,6.93227960602861,28.6652991035447,8.60316103333613e-08,0.000324792270771194,chr8,102698771,103137135
NCEH1,13.626383,2.541258,3.99836,5.186268,8.69438,7.027864,12.600352,0.5093,6.773020625,4.66049461277715,,14.866453,21.000668,29.17566,54.937077,16.295412,16.386446,16.170694,11.168294,9.208286,20.356218,20.9565208,13.1615169210708,-1.29507367574422,5.2241623030196,15.8780839278854,6.75565115499142e-05,0.0110487300256216,chr3,172348039,172429008
NDE1,8.481454,9.215701,22.851144,13.394149,7.691247,2.54894,5.018828,3.472432,9.084236875,6.55911724936468,,3.903121,6.799711,6.270077,3.736932,2.01996,11.705631,5.990922,6.778193,5.159403,1.321864,5.3685814,2.94082628438665,1.14347647085898,3.61206649861377,13.3145247451782,0.000263358069694116,0.0220434115822813,chr16,15737124,15820210
NDFIP2,33.708096,10.181237,20.151791,11.301817,9.022606,12.324941,19.072361,1.305562,14.633551375,9.70539982234722,,27.654816,63.317258,67.782642,86.527656,26.279909,27.387234,26.629834,20.734357,23.055286,31.896733,40.1265725,23.292037797674,-1.12224198769839,6.21430028024773,17.5480734638836,2.80134468028662e-05,0.00762679557211303,chr13,80055287,80130210
NDNF,2.576058,1.383537,1.100177,2.184269,1.364059,0.500038,1.143441,0.698417,1.3687495,0.702018210866356,,1.001952,0.779619,1.575423,1.97027,0.601573,0.255152,0.903053,0.755247,0.710339,0.611402,0.916403,0.502104436124155,1.04563627310784,1.10777055479689,10.576098799533,0.00114559156535333,0.0485525255197158,chr4,121956768,121994176
NDRG1,138.899512,125.621095,318.539278,114.075229,129.278428,89.300805,72.293431,81.418003,133.678222625,78.5020499346786,,67.569949,128.388051,136.727954,69.753488,46.020076,125.150708,118.703678,98.944606,120.516409,53.227169,96.5002088,34.1643915492551,1.02562424353892,7.98141322609118,12.8159870968886,0.000343670043877244,0.0250639339535198,chr8,134249414,134314265
NDUFAF4,16.056045,5.634825,10.226811,11.451291,10.653162,6.161728,15.533017,1.809556,9.690804375,4.92776260047603,,19.366816,48.00599,27.901783000000002,43.649371,21.06994,18.80477,19.275788,15.677977,17.531846,26.639818,25.7924099,11.2689537918582,-1.16747456425454,4.68422856394819,26.0840284784126,3.26876759503665e-07,0.000740428160557322,chr6,97337189,97345757
NEAT1,47.305682,18.657254,57.520678,62.16686,14.130214,9.859003,16.566977,8.450982,29.33220625,22.4212516527362,,18.910563,46.427458,17.499815,10.315405,3.914939,10.006312,15.345259,7.324641,20.514589,3.089769,15.334875,12.5129303926158,1.29883003876021,8.01728701670582,14.353521985901,0.000151496033925303,0.0161998313980041,chr11,65190245,65213011
NEDD4L,12.558052,5.883653,5.091097,8.057295,8.350928,9.406154,14.124082,1.229661,8.08761525,4.12484875279137,,14.579649,23.762204,36.04852,45.276914,17.280052,19.554728,16.291193,15.272084,11.814772,18.319603,21.8199719,10.6479799707597,-1.12991805479674,6.0212317927079,20.6450995636331,5.52784899698983e-06,0.00336598452527459,chr18,55711599,56068772
NEFH,22.282301,3.684759,3.5289,2.796606,19.180813,10.678841,36.832184,0.280545,12.408118625,12.7463775286856,,34.990986,77.239395,34.515404,49.548401,31.250536,56.30954,54.238312,25.715672,25.326982,30.64085,41.9776078,16.8200380047222,-1.49977782487078,6.00453687883522,11.1097480084392,0.000858751586103927,0.0411055992448923,chr22,29876219,29887379
NEFL,101.0606,11.943693,19.935053,16.633465,63.255901,64.839058,116.706207,3.557363,49.7414175,43.2182373691488,,149.821625,295.652771,258.159851,345.317017,184.142776,87.551102,196.04097,110.352547,130.593811,159.131622,191.6764092,83.6062818824468,-1.62100684714087,8.25951941841763,15.8988604282628,6.68189373471275e-05,0.0110317481137915,chr8,24808468,24814624
NEFM,93.068258,10.234826,18.779273,22.705756,40.120317,63.364964,120.846393,2.042164,46.395243875,42.5059578351658,,120.777854,373.676106,185.967148,248.539616,147.138069,61.11796,210.963819,93.702989,149.421856,147.158317,173.8463734,88.8223497878359,-1.61010180945203,8.07073729564837,14.1843381061599,0.000165744367928052,0.016911599660176,chr8,24770525,24776607
NEK2,0.52399,0.129202,0.23738,0.205938,0.076646,0.117499,0.292626,0.12085,0.213016375,0.144877246412203,,0.396091,2.402566,0.931935,2.428346,1.8684,0.404695,0.518345,0.363733,1.678297,1.578281,1.2570689,0.833712446005142,-1.86747869903661,-0.515851116329967,20.2858124965698,6.66932995195224e-06,0.00373938104801092,chr1,211836114,211848960
NELL1,7.759293,0.768009,3.658212,0.646061,2.422503,3.01474,6.42627,0.500358,3.14943075,2.71896895999472,,6.958764,25.9299,17.707871,42.522114,14.331708,4.706603,8.012695,8.255648,5.84254,10.805995,14.5073838,11.7787704991543,-1.86568062603085,3.97187075019655,21.7949380371824,3.03399537495296e-06,0.00224281016855633,chr11,20691117,21597227
NELL2,82.906425,10.106767,21.335525,44.515828,24.76464,32.272723,71.477185,1.217576,36.074583625,28.702333046764,,83.496892,237.571685,193.832351,264.534665,87.791755,54.154451,91.581949,74.926021,67.607027,93.721971,124.9218767,76.668572257676,-1.51759729234315,7.35477592950369,16.9925974183896,3.75258399673963e-05,0.00847921222458258,chr12,44902058,45315631
NETO1,11.857107,4.121399,5.81999,4.489838,7.433447,11.015084,12.747733,0.651137,7.266966875,4.28709475977678,,15.693832,28.042409,32.830533,45.854354,17.97737,16.55235,11.69764,11.619328,13.394893,20.033063,21.3695772,11.0368418648397,-1.05106997603671,4.22608311867045,11.5883025107949,0.00066367965653475,0.0352896856994426,chr18,70409549,70535381
NEUROD2,6.951238,3.605423,2.209056,2.910533,1.322338,5.812606,8.155419,0.788897,3.96943875,2.70677845988905,,11.169701,14.783631,11.495624,21.84601,13.608586,7.986305,10.812891,14.070948,7.759544,9.033235,12.2566475,4.16541498763118,-1.10567171821976,4.81124120906011,11.9853031776807,0.000536217674817011,0.031696100671932,chr17,37759789,37766030
NEUROD6,16.636263,5.446161,8.268929,4.317891,2.35639,16.116085,25.290602,0.374533,9.85085675,8.63684673043901,,30.171032,70.575058,45.600376,63.274021,41.318611,24.026161,53.931293,31.364641,18.155888,31.430687,40.9847768,17.227046456335,-1.72310902181295,5.09320979861379,17.0185116076592,3.70171578425427e-05,0.00847921222458258,chr7,31377075,31380508
NFATC4,10.858829,4.380069,4.016024,23.301472,6.68316,2.034807,4.662915,4.080698,7.50224675,6.89841086281632,,7.556837,6.754922,4.570047,9.089843,2.541694,6.211624,2.509534,4.938955,5.447423,3.715365,5.3336244,2.13395075792152,1.01106282024914,4.08562722190953,11.037934616261,0.000892662569663489,0.0419159109929301,chr14,24834879,24848810
NFE2,1.020491,0.511588,0.142322,0.905107,1.819945,0.40655,0.098734,0.46476,0.671187125,0.565924541627349,,0.103008,0.19329,0.182804,0.208565,0.078771,0.453818,0.173223,0.370109,0.647663,0.181225,0.2592476,0.177716235147933,1.8205250739761,-0.651280783142036,12.2190973844872,0.000473028103124511,0.0296974594809733,chr12,54685895,54694905
NIPAL4,1.059662,3.25746,12.938226,2.744663,1.780378,0.817698,1.747866,0.565507,3.1139325,4.07615716897199,,0.879145,2.05958,1.093815,0.841346,0.485161,2.948935,1.708081,1.194685,0.659592,0.185079,1.2055419,0.825393842117332,1.66425167731112,2.05981888260216,13.4538407985383,0.000244505119119055,0.0210078328699944,chr5,156887027,156901725
NKIRAS1,29.93386,11.508258,17.496086,24.868401,24.579633,14.59013,30.541052,2.871264,19.5485855,9.66495196913546,,42.238681,63.758924,64.37306,83.128316,41.471507,35.589882,36.703431,37.864644,37.221535,42.01518,48.436516,16.1955763475591,-1.00286231696822,5.15996231422622,23.9851897004156,9.70795940910137e-07,0.00134085861799513,chr3,23933151,23988082
NMNAT2,24.826914,6.305432,9.133285,6.696303,22.289446,20.272372,39.850554,1.536453,16.363844875,12.7638102176537,,38.391483,51.293551,68.26257,88.308526,37.093085,28.063058,42.936748,33.209904,23.229698,46.678514,45.7467137,19.6182658509345,-1.12898139088926,6.7807122816385,10.7378825653505,0.00104964369511194,0.0463900770921538,chr1,183217372,183387737
NPAP1P2,0,0.0,0.0,11.642859,0.0,0.0,0.019167,0.0,1.45775325,4.11540966134228,,0.032391,0.0,0.0,0.020498,0.0,0.0,0.0,0.0,0.0,0.0,0.0052889,0.0114969573409663,7.06808480439632,-1.21770755644276,14.6510722961689,0.000129361027674242,0.0147963407446684,chr10,81620329,81621562
NPTN,114.788936,28.837953,51.466872,53.070453,71.990492,55.025234,109.160307,6.901377,61.405203,36.8057770243233,,126.017064,235.988066,234.817168,377.176748,121.798936,96.00253,108.60047,103.544107,89.058269,150.486887,164.3490245,91.9000906685496,-1.10740663956518,7.33685543765752,16.8580071135596,4.02830218935329e-05,0.00870682155270564,chr15,73852355,73926475
NPTX1,57.191203,8.243153,10.110982,13.629577,11.318029,36.524112,68.894283,1.306916,25.902281875,25.268822531403,,84.321139,59.344457,125.403417,195.627408,88.2221,24.798938,71.452554,92.631086,62.180036,77.339288,88.1320423,45.8102174211715,-1.5412147585343,7.4793167066679,12.3563029897115,0.000439500142562003,0.0285429144623934,chr17,78440948,78451643
NPTX2,10.755522,6.861518,10.135158,10.448359,11.622908,14.036035,10.685556,1.508745,9.506725125,3.78320391086053,,25.423658,47.820596,25.595869,132.993535,44.367822,137.964153,14.092123,28.10832,72.164714,21.766302,55.0297092,45.5408318356536,-2.09516138166448,5.75431545063906,30.6104693534931,3.15387307648528e-08,0.000217332480628371,chr7,98246609,98259180
NPTXR,52.925774,20.28746,40.650928,48.28582,38.375317,65.932281,86.599144,6.37921,44.92949175,25.0921154669521,,85.247429,169.821136,154.35939,382.953644,148.72702,133.467316,106.158348,98.385193,76.506454,83.357986,143.8983916,90.1871322248682,-1.25830028013647,8.39247400924717,16.2597187059717,5.52255871662954e-05,0.0102710837615996,chr22,39214457,39239987
NRN1,65.45527,23.81868,31.660701,64.856683,31.57989,51.815426,80.535144,11.307551,45.128668125,24.0939697971148,,100.687259,189.305215,136.215571,302.738217,133.360633,156.013522,105.990049,95.736199,98.83033,103.93021,142.2807205,63.9747993369971,-1.2822511060342,6.56582469789987,27.8692530756795,1.29796043399561e-07,0.000432030664264694,chr6,5998232,6007200
NRSN1,64.134681,26.940507,25.066932,7.000621,52.293497,44.935679,78.562126,6.165065,38.1373885,26.3074284176319,,84.882272,94.20107,131.387707,164.03507,91.282288,280.83455,98.945399,76.651524,95.895223,93.155486,121.1270589,61.7084709736337,-1.32820861916042,6.71983963410046,13.3553114812159,0.000257691738615651,0.021780336516516,chr6,24126350,24155128
NRXN1,42.17663,10.637761,17.261709,11.338378,22.086846,25.181526,40.687359,1.283026,21.331654375,14.4285679893045,,45.702567,55.740163,97.85001,129.588423,51.860383,35.706291,52.244741,45.440411,30.335702,86.413503,63.0882194,31.4617417334326,-1.22550586694804,7.08528520993151,12.6858724957807,0.00036842863683615,0.0262553684101666,chr2,50145643,51259674
NSF,88.350602,16.41017,31.749758,23.388488,59.014207,48.135538,121.96334,3.737544,49.093705875,39.7085589736444,,126.992527,191.442731,270.588997,322.852642,130.939198,77.696623,132.59068,96.571446,99.490493,163.912952,161.3078289,79.4994644990571,-1.40304188614687,7.97689425420015,14.7214249895569,0.000124622071036283,0.0146262204683852,chr17,44668035,44834830
NSFP1,14.382915,2.329716,5.701796,3.58755,8.07786,4.424642,25.390303,0.723572,8.07729425,8.15699240648423,,18.110613,20.583181,52.080818,66.867088,16.088085,11.32387,15.482517,16.10659,9.634128,24.091864,25.0368754,18.9333650957907,-1.30836143194609,3.83980843925707,11.7193409431106,0.000618538564748185,0.0341340122770527,chr17,44450221,44564507
NUDT11,17.803517,6.234042,6.686458,5.218106,14.78585,12.645036,22.613047,1.071084,10.8821425,7.28416144934301,,22.872652,30.492298,39.790635,72.265316,22.794648,21.80636,17.668901,22.706265,19.700358,25.522253,29.5619686,16.267815711667,-1.04859168160897,3.89802351769081,10.918190500498,0.000952245752296374,0.0436637447018553,chrX,51232863,51239448
NUDT11,17.803517,6.234042,6.686458,5.218106,14.78585,12.645036,22.613047,1.071084,10.8821425,7.28416144934301,,22.872652,30.492298,39.790635,72.265316,22.794648,21.80636,17.668901,22.706265,19.700358,25.522253,29.5619686,16.267815711667,-1.04859168160897,3.89802351769081,10.918190500498,0.000952245752296374,0.0436637447018553,JH806587.1,1203126,1209711
NXPH3,6.683927,1.54648,2.108789,2.736851,1.920344,2.240989,5.795744,0.368165,2.925161125,2.1708204793178,,3.947861,9.308361,10.502078,4.935663,4.47862,7.298583,11.175696,10.955271,3.870419,2.148219,6.8620771,3.39674785760862,-1.01501707187383,3.75683833549256,11.6712729175223,0.000634725676869128,0.0346280157566685,chr17,47653220,47661189
OLFM1,216.960381,109.741491,99.266307,204.646877,158.546251,264.439495,259.51982,53.178583,170.787400625,78.1446597468127,,392.14237,546.641095,454.296274,1012.061573,544.294509,351.47658,378.436117,267.640933,372.220923,493.84101,481.3051384,206.49582074412,-1.12949567684593,8.46754664869295,14.0631768130104,0.000176770944241548,0.0175929029902542,chr9,137967268,138013025
OLFM3,9.143755,1.971613,3.423724,1.250484,3.560831,7.505617,9.356464,0.070266,4.53534425,3.64081014750963,,11.329452,14.990832,22.774887,54.99328,15.327294,9.624991,15.176493,7.817987,9.431835,25.187045,18.6654096,13.9619430964595,-1.67150493902797,4.52772654668413,12.8795663708673,0.00033218919935687,0.0247021875615863,chr1,102268130,102462586
OPCML,22.361024,5.25313,7.687946,3.146724,13.594386,12.033002,17.731215,1.181388,10.373601875,7.37869867253326,,25.033487,34.330099,47.290033,71.212147,25.958093,22.641931,27.090316,22.617088,15.953287,33.462713,32.5589194,16.048793637157,-1.29718670336387,6.50539804547493,16.0185745291823,6.27240813660276e-05,0.0107636424353842,chr11,132284871,133402414
OR2A1-AS1,2.597401,2.663526,3.768302,4.939668,0.875733,0.728548,1.850806,0.901635,2.290702375,1.5118041564735,,1.456323,1.035484,1.677639,1.556317,0.727262,2.323053,1.620524,0.750793,1.018768,1.094777,1.326094,0.493979799796847,1.11856861403841,-0.0983158643308664,10.6532370541569,0.00109878427284832,0.0475293461277796,chr7,143948357,144053274
OR2A20P,1.81188,1.737339,2.259292,2.894326,1.221326,0.534245,1.748853,0.772605,1.62248325,0.770493748797437,,0.842196,1.073996,1.350572,0.97805,0.598979,1.020018,0.781014,0.524104,1.206232,0.519972,0.8895133,0.286801496147519,1.311672166505,1.09312392373131,19.3664024488673,1.07888549993396e-05,0.0052034485608453,chr7,143947138,143950050
OR2A9P,2.984496,2.368348,2.745776,3.994946,1.431032,0.523223,1.998494,1.037427,2.13546775,1.12917389898289,,0.968007,1.391198,1.792926,1.181768,0.708098,1.551883,1.00532,0.68832,1.401377,0.691128,1.1380025,0.389991955913694,1.30247767165009,1.30136230004236,19.210275620963,1.17081463452359e-05,0.00527389540648139,chr7,143991573,143998027
OR2W3,0.765908,0.090718,0.318409,0.141933,0.750568,0.132218,1.884274,0.036159,0.515023375,0.624157875620295,,2.034449,2.609266,1.419135,2.090182,2.299497,1.13039,1.618324,1.474762,1.660225,1.427792,1.7764022,0.462878619639654,-1.86297130413145,0.396183568545006,12.00922829843,0.000529377723887094,0.0315227456635144,chr1,248031277,248060449
OR5AK2,0.071628,0.025615,0.0,0.148447,0.187378,0.0,0.151983,0.0,0.073131375,0.0786011391373969,,0,0.0,0.0,0.040224,0.0,0.0,0.0,0.0,0.0,0.0,0.0040224,0.0127199456602613,3.74149408215696,-4.19613993338402,12.0099998064057,0.000529158629421496,0.0315227456635144,chr11,56756347,56757342
OR5AK4P,3.277476,0.363816,1.098764,5.610636,4.298242,0.055875,0.956063,0.0,1.957609,2.14792020521294,,0.206173,0.0,0.478451,0.0,0.0,0.331463,0.0,0.246019,0.76476,0.0,0.2026866,0.261588101467513,3.14407566511938,-3.45273994444891,15.288639406733,9.22697688114103e-05,0.0127118921782382,chr11,56804912,56805009
OVOL2,0.034656,0.013248,0.053068,0.0,0.0,0.033613,0.030837,0.013557,0.022372375,0.0187202020207162,,0.304784,0.140636,0.65648,0.387991,0.481006,0.136668,0.675276,0.277629,0.30881,0.243088,0.3612368,0.190563598252832,-3.11348140495846,-2.15647396280453,29.5940228741375,5.32689485410877e-08,0.000251380607244438,chr20,17937623,18039832
OXCT1,44.283323,11.823943,22.772042,24.319141,18.837916,20.525596,40.34219,4.297373,23.4001905,13.3757797925013,,52.952883,73.227573,92.368325,135.123763,50.051124,37.466081,49.981773,38.397463,44.160574,58.525257,63.2254816,30.2558274638416,-1.12970975949718,6.48297154830274,23.2416100948301,1.42872365335511e-06,0.00175885199490971,chr5,41730167,41870621
OXR1,50.437584,13.355766,29.922095,20.061858,14.447364,11.01829,28.556233,3.149899,21.368636125,14.7488340943414,,38.235695,79.84602,94.976103,119.003594,33.935868,46.833423,39.74827,32.385874,36.441138,39.67859,56.1084575,30.5763348401888,-1.23684570098573,6.36720390207654,24.0167397349535,9.55017750647019e-07,0.00134085861799513,chr8,107282473,107764922
PAK1,46.231102,14.319849,19.474075,17.152335,30.282197,45.052871,42.471581,3.723167,27.338397125,16.0409351673429,,88.506765,62.997235,119.44739,280.992745,112.671387,60.821391,93.252715,51.793377,72.344206,126.287245,106.9114456,66.4002903148895,-1.60587464714972,7.25864749063095,20.4508175696354,6.11834143730026e-06,0.00354144932098652,chr11,77032752,77185680
PARK2,4.694592,1.609067,2.050005,2.048365,3.451943,2.56281,6.083518,0.36713,2.85842875,1.82402898802794,,5.820089,8.82469,10.619616,12.112276,5.971611,5.610569,8.698072,6.244893,4.633267,5.301065,7.3836148,2.52579160460618,-1.02880999641203,3.73075130295283,15.153896955455,9.90935750565204e-05,0.0130342323284792,chr6,161768452,163148803
PARM1,11.01963,4.274178,3.79543,2.801562,8.910564,9.830072,13.053669,1.360333,6.88067975,4.33395394227913,,19.389819,31.675068,31.891325,58.7822,22.208957,23.754196,22.802137,13.431046,12.116372,30.181308,26.6232428,13.2466178449188,-1.50959677171039,5.72848666638977,22.0720498586813,2.62605688205436e-06,0.00209769671215433,chr4,75858305,75975325
PCDH18,3.044443,1.467527,1.027168,4.333576,1.85242,1.531605,2.036477,1.395256,2.086059,1.08991075136715,,0.920446,0.852202,1.435714,2.620357,1.084188,1.741569,1.245195,1.008558,1.420322,1.582818,1.3911369,0.521456216639827,1.06860995536318,2.80525321703188,13.2190949544453,0.000277111395789193,0.0228007021287786,chr4,138440072,138453648
PCDH7,9.409415,0.395795,5.339435,3.28025,6.273839,5.809039,12.768578,0.399716,5.459508375,4.23953912347954,,13.020017,14.241461,22.6262,41.292037,16.900666,10.460319,9.749848,12.025062,8.69069,18.256456,16.7262756,9.63312030318622,-1.38044229025537,5.51554305876144,10.7647054952123,0.00103454025007105,0.0459850705033545,chr4,30722037,31148422
PCDHA4,0.410776,0.097754,0.13281,0.180236,0.153208,0.091268,0.295174,0.029492,0.17383975,0.123319687036522,,0.316154,9.593481,2.505771,5.417006,0.22521,0.360224,5.082012,4.598542,1.925436,0.364198,3.0388034,3.09853498824709,-4.40927212353406,1.01810631357488,39.6783378581862,2.99428321077292e-10,1.6956326394286e-05,chr5,140186659,140391929
PCDHA4,0.410776,0.097754,0.13281,0.180236,0.153208,0.091268,0.295174,0.029492,0.17383975,0.123319687036522,,0.316154,9.593481,2.505771,5.417006,0.22521,0.360224,5.082012,4.598542,1.925436,0.364198,3.0388034,3.09853498824709,-4.40927212353406,1.01810631357488,39.6783378581862,2.99428321077292e-10,1.6956326394286e-05,KE332497.1,42250,247520
PCLO,8.861032,1.253682,2.845417,3.115063,6.975067,3.548073,9.816414,0.228309,4.580382125,3.53967127728278,,8.92767,11.891804,24.51041,19.547926,5.823892,5.705837,8.537458,7.171964,5.51482,8.704364,10.6336145,6.41388314362748,-1.18983453260264,6.26296723725397,10.4977247632527,0.0011952162887151,0.0496199741708609,chr7,82383329,82792246
PCMT1,92.998435,24.353011,64.709025,54.153371,39.649266,34.045437,63.522174,5.741385,47.396513,27.2275442838956,,85.053937,195.837733,215.453062,304.671576,103.561932,67.420632,90.988804,79.711422,77.837812,80.121121,130.0658031,80.3062591233694,-1.10280532522426,6.60976059158005,21.066189087258,4.43688267718083e-06,0.00292049652284078,chr6,150070579,150132556
PCSK1,4.693725,0.79901,1.146499,0.323556,1.053368,2.685745,3.533178,0.151356,1.798304625,1.64952328049911,,4.814787,13.941047,15.193586,33.652963,6.979357,19.139709,5.143453,4.193242,2.834808,6.679499,11.2572451,9.57645482057931,-2.18238906481442,4.25708626555749,23.3249176515163,1.36816024762578e-06,0.00172172325917334,chr5,95726119,95769847
PCSK6,9.311992,17.065504,65.056466,10.125925,14.070999,3.404314,7.823196,4.167389,16.378223125,20.1954913597739,,3.973971,16.037202,7.866777,4.08414,4.910248,10.947819,5.968696,10.182034,8.659976,1.670096,7.4300959,4.22343004544141,1.54955218097255,4.62638694054551,14.1132674270171,0.000172125439621281,0.0173131288105036,chr15,101840818,102065405
PDE2A,58.939533,15.291439,23.159132,20.057156,27.426198,49.429095,88.68549,6.581959,36.19625025,27.4352572732283,,68.252179,99.929078,126.472098,245.248139,81.156511,64.088735,78.367436,83.520234,65.640651,72.070519,98.474558,54.9012452880066,-1.16820494635492,7.27473562069173,15.5937089068609,7.85153866093814e-05,0.011759267195843,chr11,72287185,72385635
PDE8A,21.92079,35.269762,66.935658,37.974717,40.667947,9.536086,24.350202,10.967031,30.952774125,18.6714898648318,,14.112811,32.446922,24.035919,18.804406,7.836154,29.076659,23.285414,13.899945,17.783802,8.490376,18.9772408,8.25008462876697,1.01629672457152,5.65559558849551,13.9747467138497,0.00018528260580102,0.0180281248864364,chr15,85523671,85682376
PDP1,26.226891,6.390745,9.951843,14.886305,8.451322,16.207759,16.434777,0.93147,12.435139,7.72155665270385,,26.261849,26.208661,50.853957,101.858475,27.660753,24.060791,20.67819,18.349397,15.465418,32.763149,34.416064,25.6344555497686,-1.151759551611,5.86779554087273,13.1213583278555,0.000291948287669623,0.0231550974544021,chr8,94870035,94938294
PGAM2,0.961642,0.241982,0.605807,3.233454,0.645078,0.075543,0.049161,0.013241,0.7282385,1.06819684593979,,0.070984,0.05634,0.179437,0.050407,0.046121,0.07056,0.055017,0.171346,0.212685,0.010337,0.0923234,0.0687582476979227,2.76162675096321,-2.18853923490787,19.0197711799209,1.29371009853418e-05,0.00540745554696188,chr7,44102326,44105186
PGM2L1,28.83032,5.520792,8.427174,6.176844,10.510599,8.706298,29.518524,0.59543,12.285747625,10.8317688413152,,30.525633,41.088966,79.603691,69.830719,30.190889,23.21537,33.794529,31.720135,22.767635,30.631063,39.336863,19.4782328330115,-1.41992720699031,7.04339499785693,17.4965781110746,2.87825259062856e-05,0.0076844048165014,chr11,74041363,74109518
PHLDB1,67.487292,92.144438,186.697828,61.005885,71.001821,26.566054,49.860155,28.464762,72.903529375,50.915649854182,,32.883473,68.425595,62.559252,33.413309,20.76899,68.040179,56.526278,61.926171,53.711252,14.431055,47.2685554,20.0952520201864,1.05215303582666,6.55814600670971,12.8424148440612,0.000338850027427758,0.0249528455178238,chr11,118477155,118528741
PHLDB1,67.487292,92.144438,186.697828,61.005885,71.001821,26.566054,49.860155,28.464762,72.903529375,50.915649854182,,32.883473,68.425595,62.559252,33.413309,20.76899,68.040179,56.526278,61.926171,53.711252,14.431055,47.2685554,20.0952520201864,1.05215303582666,6.55814600670971,12.8424148440612,0.000338850027427758,0.0249528455178238,JH720443.2,231936,283476
PHYHD1,65.703487,28.668234,24.012289,127.844174,50.388081,10.496282,34.861021,4.294217,43.283473125,39.5595898700222,,19.497492,33.311518,27.149118,20.725024,8.427343,11.447694,19.702407,30.394589,32.837471,7.84957,21.1342226,9.6830777106821,1.26514334849414,4.73762508960103,16.3506933311141,5.26369025010026e-05,0.0100362799721524,chr9,131683174,131704320
PID1,18.179981,7.923216,9.944565,8.794605,13.21369,10.517783,21.025999,3.628212,11.653506375,5.6515073001694,,27.288877,30.992367,44.141073,50.656736,32.376208,28.518731,34.529902,24.593884,26.408764,32.461002,33.1967544,8.22836160623078,-1.15175524942797,5.21508503996037,26.0064689372881,3.40275271474767e-07,0.000741132628782484,chr2,229715242,230136001
PIP4K2A,96.656925,141.836345,342.223098,110.513589,123.103659,44.539597,78.575492,52.000148,123.681106625,94.4384099211838,,59.205311,121.59964,80.399874,41.876161,42.281409,139.25805,97.185386,74.810592,92.717433,40.09311,78.9426966,34.3448625448511,1.04471710823358,7.97146297424098,11.1323021742729,0.000848372304845361,0.0407830859516876,chr10,22823778,23003484
PIRT,8.984819,2.210319,3.240993,24.558455,9.27873,0.775044,5.118505,0.82282,6.873710625,7.88146739337609,,1.18191,2.308455,2.705314,1.179495,0.341075,0.981568,0.460034,4.630722,2.11076,2.281546,1.8180879,1.28136894036057,1.97880990987003,3.21678328064142,19.2283479868426,1.1597830658721e-05,0.00527389540648139,chr17,10725792,10741762
PLCB1,18.568589,3.910983,4.749833,7.282992,8.963041,6.914392,17.689565,0.903075,8.62280875,6.35553415319218,,18.673146,24.678128,39.097281,54.754835,19.698841,20.376992,19.101424,11.952426,13.514682,22.215574,24.4063329,12.9737523393746,-1.19908541759115,5.85432664763836,15.1902320195546,9.72049378058461e-05,0.0130342323284792,chr20,8112824,8949003
PLCL2,8.106615,1.573926,3.458194,2.762288,3.026645,1.828045,5.240925,0.749186,3.343228,2.35727766304026,,6.99218,14.622354,15.731055,16.37867,6.714224,5.366557,8.490108,7.453226,4.894325,5.354265,9.1996964,4.54877788257372,-1.12477525468099,3.95644238817046,22.8125249203179,1.7859797742065e-06,0.00191499677296906,chr3,16844159,17132086
PLEKHG3,16.864703,29.914538,59.026527,23.988086,17.866296,6.50583,13.948727,6.750486,21.858149125,16.9802149077605,,8.217832,21.836254,14.16568,8.900619,6.066903,17.911073,16.016087,16.696224,10.791101,1.953005,12.2554778,6.10491400349006,1.30060230809273,5.55267469840322,17.2011898255921,3.36225704362248e-05,0.00808452097897727,chr14,65170820,65213610
PLEKHH1,63.336417,153.847444,286.024217,93.137168,101.828209,29.951183,98.524889,26.19602,106.605693375,83.5858620693101,,45.016126,107.694605,69.727725,39.501873,19.670097,96.16196,95.166889,47.054519,55.839852,22.253115,59.8086761,31.2593910651332,1.24871529471658,7.61271012097012,14.2119285814834,0.000163331841270577,0.016786422575883,chr14,68000018,68056329
PNMA2,90.684295,21.929773,39.787605,43.830129,48.970464,29.731712,82.429255,3.715557,45.13484875,29.2816908574276,,86.107995,168.310362,215.668716,247.844781,75.455467,45.477231,94.70663,88.99491,49.047019,79.522665,115.1135776,70.3580114239345,-1.0327917954951,7.85867389204204,12.0855935520447,0.000508129224455008,0.0309241425307928,chr8,26362202,26371608
PNMA6D,0.412229,0.132874,0.284983,0.193852,0.23855,0.186908,0.401933,0.035355,0.2358355,0.128772172851347,,0.312012,1.534702,1.71045,1.372557,0.577233,0.414117,1.01808,0.926388,0.269451,0.643765,0.8778755,0.520893394749455,-1.47059305032283,-0.751802881533949,14.7142751555132,0.000125095596752754,0.0146262204683852,chrX,152243996,152245978
PNMAL1,53.379046,14.137154,27.291026,18.549496,36.478752,23.717524,59.774679,2.063973,29.42395625,19.5755112763993,,61.175711,98.186272,113.514498,165.200371,62.723528,41.420016,65.287602,63.575886,35.434597,49.913612,75.6432093,39.4996014066366,-1.02837751939912,6.82445251672993,12.0583431406588,0.0005156109789051,0.0311285011987387,chr19,46969748,46974820
PNOC,1.648483,1.006763,0.549296,0.168313,3.597476,1.239924,2.728635,0.325848,1.40809225,1.2089076535477,,3.818565,0.804504,3.765155,9.015383,5.752404,88.810844,4.349881,1.969865,2.321356,2.858742,12.3466699,26.9631409068535,-2.67814743214643,2.40223502712829,13.5077138217107,0.000237584807653217,0.0208269196170186,chr8,28174503,28200872
POF1B,0,0.0,0.0,0.0,0.0,0.0,0.0,0.0,0,0,,0,0.0,0.030865,0.069007,0.021663,0.013427,0.0,0.033876,0.0,0.029091,0.0197929,0.0222122711953451,-4.71329639964461,-4.13292655548271,12.5319995972671,0.000400041470177384,0.0274260876690981,chrX,84532402,84634748
PPAN-P2RY11,0,0.0,0.0,0.0,0.0,0.0,0.0,0.0,0,0,,0,0.0,0.0,0.0,4.090296,5.990802,0.0,5.56992,0.0,0.0,1.5651018,2.56360861836911,-10.5697494842922,0.674224057454628,18.9777984918911,1.32248336074261e-05,0.00540745554696188,chr19,10216899,10225456
PPBP,0.28395,0.0,0.48511,0.0,2.76984,0.0,0.0,0.0,0.4423625,0.957861926297313,,0,0.0,0.0,0.0,0.0,0.0,0.0,0.0,0.0,0.0,0,0,6.93243224897597,-3.00051064662291,18.9024228102141,1.37577829399992e-05,0.00552545737666108,chr4,74852755,74853914
PPEF1,2.305142,0.700469,1.183819,0.987381,0.638989,1.886109,3.023584,0.122045,1.35594225,0.970619782145813,,3.159785,3.376914,8.914218,9.779049,5.806833,5.055475,6.734528,3.825796,3.872735,2.440386,5.2965719,2.49811955896575,-1.39825895484438,2.33958259008615,16.8416806497835,4.06310453424588e-05,0.00874865196463155,chrX,18694029,18846039
PPP1R13L,4.227059,2.77071,3.813041,15.608875,2.283503,0.903152,3.480148,1.101392,4.273485,4.73549354330477,,1.122609,1.47928,1.155989,1.432277,0.630873,2.256253,1.535821,1.804533,3.064199,0.575077,1.5056911,0.744534476012204,1.70914411373336,2.24408356420225,26.7902867255108,2.26774328076556e-07,0.000612959348290429,chr19,45882892,45909607
PPP1R17,0.258712,0.324191,0.417831,0.207159,0.232042,0.126863,0.560865,0.0,0.265957875,0.172447850431401,,0.709793,1.309712,0.729725,1.287268,0.355828,2.770485,0.488553,1.128575,1.268733,0.290516,1.0339188,0.724758771522988,-1.5774017087135,-0.112896758740192,11.775623017583,0.000600114241280534,0.0339160372948856,chr7,31726329,31748069
PPP3CB,80.043929,18.158985,35.868025,35.864886,34.565927,27.974292,56.738048,5.552708,36.84585,22.9161647646841,,74.057078,143.542554,132.077392,208.1035,88.661377,45.853037,73.698579,63.755872,66.713135,76.855953,97.3318477,49.3543271336953,-1.21059008609972,7.02341615764035,22.6576431784511,1.93588608798926e-06,0.00195763023708472,chr10,75196186,75255782
PPP3R1,119.087256,21.121039,44.459953,46.608309,33.907856,45.486904,71.529461,5.309587,48.438795625,34.5787217497566,,108.933584,275.182152,241.810934,320.435927,130.748221,70.202961,99.43856,81.404848,83.562775,114.667519,152.6387481,90.9378824627683,-1.34522925225323,7.49729532057694,20.6638422552304,5.4740002786982e-06,0.00336598452527459,chr2,68405989,68483369
PPP4R4,8.384355,3.542661,5.541515,7.041746,6.793,5.222264,12.786192,0.548715,6.232556,3.57749075876582,,9.531001,18.121166,21.512852,52.828292,20.420832,5.639536,9.331584,11.792033,11.661484,14.288172,17.5126952,13.4205077676136,-1.19444779926616,4.74853216060072,12.6253521246381,0.000380550189988544,0.0266380429034132,chr14,94612465,94746072
PRDX3P1,0.649976,0.473517,1.426204,1.573877,0.857242,0.638717,0.996376,0.140819,0.844591,0.479073589508513,,0.440966,0.255127,0.968543,0.687493,0.038633,0.254066,0.262519,0.676781,0.298678,0.110927,0.3993733,0.292456411763474,1.45656023980176,-1.63873004203068,12.7176638622218,0.00036221796429427,0.0260031247521786,chr22,39118748,39119510
PRF1,0.583642,0.381047,0.508271,1.608868,0.447604,0.216301,0.302421,0.554209,0.575295375,0.435997025482297,,0.247451,0.113346,0.292419,0.180013,0.051728,0.134135,0.161965,0.059383,0.063594,0.091189,0.1395223,0.081727704777715,2.58792341509452,-0.580759026669925,35.3685983304216,2.72850628266185e-09,4.36594722948207e-05,chr10,72357104,72362531
PRKAG2-AS1,21.868723,6.850372,10.216701,5.211032,7.543277,6.630818,10.288897,1.238672,8.7310615,6.03699880180927,,18.427635,61.361973,40.987144,44.781761,16.901251,9.215114,19.815685,18.339695,14.44838,13.441671,25.7720309,17.1180748741893,-1.17182311724452,3.42547767973797,16.3208327484742,5.34728467815652e-05,0.0101614558402458,chr7,151574127,151576299
PRKAR1B,89.930792,22.921815,27.095528,27.146423,64.70699,84.962336,107.682047,7.163403,53.95116675,37.512962339765,,121.635956,188.847576,219.53863,246.756686,172.658519,85.525991,173.473715,147.759269,121.984791,96.662712,157.4843845,52.5008265599277,-1.20752158997471,7.35083211010905,13.5596433793673,0.000231101001924633,0.020416565737894,chr7,588834,767287
PRKCB,27.680414,7.881266,9.414552,4.484228,8.631604,27.747893,18.156781,2.681832,13.33482125,9.97019253034964,,43.197574,79.873539,60.151929,140.176053,63.446654,45.536473,37.184141,24.171695,41.720371,65.069759,60.0528188,32.4732794797774,-1.71861887829473,7.46197248534927,20.4564000542393,6.10052142244232e-06,0.00354144932098652,chr16,23847322,24231932
PRKCE,27.980298,7.681603,8.153856,7.774704,12.61092,13.21647,26.950865,0.914882,13.16044975,9.59279868015596,,29.625015,37.993734,56.547123,70.853211,26.9675,20.746026,29.946339,25.365922,20.155887,29.214484,34.7415241,16.4208124149085,-1.08264596941302,6.33831344261069,11.9982617312516,0.000532501953348024,0.0316458089636238,chr2,45878484,46415129
PRKX,18.841719,8.501105,12.368136,28.179389,9.070998,1.804858,7.176421,3.315741,11.157295875,8.67246527440198,,7.681066,6.025693,9.81281,3.444969,1.023559,6.551597,4.602859,5.140702,8.519838,3.720329,5.6523422,2.62445318733716,1.20680563063214,4.6072117326908,16.2216287613141,5.63471105694209e-05,0.0103264741891124,chrX,3522411,3631649
PRMT8,4.182716,1.755547,1.295067,0.734561,1.673185,4.155613,10.877512,0.314161,3.12354525,3.44817113568407,,11.699698,10.340781,16.362036,29.471983,14.405715,7.223486,16.950994,9.384927,8.696838,9.785002,13.432146,6.51835791967258,-1.27247749836894,3.82034670699412,11.2847625554949,0.000781458267255722,0.0390394349297674,chr12,3490515,3703139
PRR5L,3.79166,4.994287,23.19794,7.291238,3.247509,1.327337,1.49165,0.961823,5.7879305,7.3492789311027,,2.373944,4.447711,3.91526,1.173544,1.001592,4.502201,2.403843,3.063274,1.951989,0.496706,2.5330064,1.43197930117452,1.42404083828109,2.68238258688135,12.4921250427161,0.000408671059531273,0.0276850231225191,chr11,36317838,36486754
PRRX1,18.945285,8.08989,10.066273,33.48733,17.00786,1.684088,11.656106,2.431649,12.921060125,10.3188598945649,,3.885651,5.181188,11.059373,5.017456,2.29195,11.522156,3.852388,9.766134,2.668009,3.415373,5.8659678,3.53311683922265,1.36647701039524,4.40288993466463,15.1492189583952,9.93393980322232e-05,0.0130342323284792,chr1,170631869,170708560
PRSS16,0.582489,0.065364,0.201298,0.227998,0.134372,0.782497,0.500242,0.061072,0.3194165,0.268377105098671,,1.07009,1.650509,2.550711,2.610034,1.112865,0.363952,1.028587,1.080276,0.633247,0.763965,1.2864236,0.761532166898958,-1.39174578511888,0.425117959068068,11.3160292080631,0.000768408578716467,0.0387827178289971,chr6,27215480,27224403
PRSS3,13.86719,4.682727,5.274507,4.275063,8.80456,13.278728,8.625145,2.25668,7.633075,4.26854662016503,,24.534515,21.947593,28.335105,69.622113,27.386285,23.53191,19.877146,15.919306,23.514666,26.451731,28.112037,15.0399764952357,-1.42220047860868,3.47148266256468,20.1446415946901,7.1801111474151e-06,0.00394759722492203,chr9,33750515,33799230
PTGES3L-AARSD1,0.29064,0.011666,0.072681,0.547789,0.298666,0.176814,0.378806,0.0,0.22213275,0.192419893627564,,1.873615,0.552978,0.482276,13.460848,4.691586,0.224146,0.208922,0.0,0.579502,0.194397,2.226827,4.19171317091642,-3.06427609351875,0.625120896059103,11.488652062069,0.00070022401045725,0.036681762708773,chr17,41102543,41132545
PTHLH,3.940244,3.056679,1.877914,1.736625,2.594372,1.589814,7.17338,0.674849,2.830484625,2.01739462100034,,6.859177,4.425829,9.308341,15.298906,10.206678,4.45776,8.273109,3.959408,7.306705,11.015697,8.111161,3.53288272829459,-1.21402222559225,2.3974883489877,11.6425485445025,0.000644602274033134,0.0347349113855523,chr12,28111017,28125638
PTPN3,1.366409,0.380873,0.790666,0.988754,0.451137,1.125033,1.118802,0.09049,0.7890205,0.441366125517774,,2.616069,2.291655,4.749209,14.543127,4.959123,1.599331,3.426454,0.985388,1.833127,3.231947,4.023543,3.91481827444553,-1.82801861548135,3.5511869496481,24.3922869155261,7.858268863568e-07,0.00126689806309549,chr9,112137746,112260590
PTPN5,37.533418,9.207219,13.473842,8.762646,34.716381,30.390149,42.923316,1.707253,22.339278,15.7372444237498,,48.1799,60.849618,88.420068,132.931859,45.939148,41.417394,75.546592,57.973341,36.850671,38.172014,62.6280605,29.8129408839706,-1.12764696960198,6.2310334959664,10.9116422302157,0.000955617714646999,0.0437229763629424,chr11,18749475,18814268
PTPRR,11.292991,2.346123,3.635231,1.154842,5.300155,3.88349,11.880033,0.227481,4.96504325,4.38717834508608,,10.686186,14.322213,27.902772,24.114322,12.597189,5.469812,12.199763,11.857737,9.568939,9.554876,13.8273809,6.89870639005994,-1.36226547311408,4.20423039682481,11.7482552471282,0.000609003006346834,0.0339322626293737,chr12,71031853,71314623
PTPRT,6.702223,2.452919,2.33682,0.69203,3.899521,7.089582,7.078014,0.621468,3.859072125,2.7694681875087,,11.735818,11.59627,15.261823,25.333301,9.298171,9.057804,17.091429,8.264614,8.073341,13.329124,12.9041695,5.30713719252985,-1.28912639242449,6.09686848738572,12.6837846900712,0.000368840243443314,0.0262553684101666,chr20,40701392,41818610
PTRF,23.619902,19.122427,27.523397,54.495377,11.552771,4.650118,6.507986,8.394333,19.483288875,16.3967372278822,,8.722702,18.62166,15.016426,8.410192,9.041019,13.733315,9.623937,9.141376,10.959442,1.888957,10.5159026,4.51467320338201,1.24144357260387,5.16839229201911,15.2685210521064,9.32577793506056e-05,0.012742161454372,chr17,40554470,40575535
PTTG1,10.072665,1.618328,1.942403,3.341887,3.625324,2.867206,3.895719,1.11026,3.559224,2.81443341523532,,8.194571,18.129511,12.661583,10.34236,9.339646,11.339757,21.651186,5.741334,14.623791,10.919136,12.2942875,4.74053264483577,-1.37477203171033,2.16335680506498,17.5946911168214,2.73350381662861e-05,0.00752536218032094,chr5,159848829,159855748
PVALB,5.159771,0.199742,1.160527,0.645832,1.712585,1.930106,0.750068,1.113646,1.584034625,1.54987538461129,,20.159632,5.500414,6.533846,14.29215,21.190713,6.123621,20.435028,0.849728,8.452921,10.783608,11.4321661,7.22090582118512,-2.49939418287898,1.42559429425831,19.3018447487698,1.11598475852474e-05,0.00524699857399019,chr22,37196728,37215523
R3HDM1,31.685436,14.19221,17.068643,11.124478,21.325231,37.527874,38.24896,3.027725,21.775069625,12.8869029326002,,46.581769,48.798513,66.445406,136.058253,43.005814,48.61694,51.72621,25.984852,41.816772,98.287863,60.7322392,32.6037048686123,-1.09233541069539,6.69885608724043,11.1349940544483,0.000847142018754493,0.0407830859516876,chr2,136289025,136482840
RAB15,41.497296,11.299386,11.47237,10.512364,19.090559,23.666433,40.712654,3.550514,20.225197,14.2128405692449,,44.497818,106.63375,75.844525,136.110469,66.150259,66.582378,64.249115,58.869717,47.182701,60.265368,72.63861,28.1392797824092,-1.49372179939163,6.58156101591569,26.5128248671862,2.61794323126637e-07,0.000673870487469924,chr14,65412532,65439494
RAB27B,6.956759,1.245237,1.953442,0.535355,3.091776,2.890301,7.110242,0.296754,3.00998325,2.67598262890079,,10.18677,13.11581,23.009906,31.767527,10.644251,8.044847,9.151758,8.741826,6.490451,13.513799,13.4666945,7.91517705112087,-1.81538406957218,5.12301849846705,22.5709657527518,2.02522235981773e-06,0.00196501103804566,chr18,52385091,52562747
RAB6B,84.181949,16.137678,25.250166,27.805006,38.086039,44.60891,63.151557,4.377613,37.94986475,25.8676864590642,,91.849552,139.299762,176.143078,244.057712,96.267185,54.526819,105.355431,82.811972,67.894749,83.719427,114.1925687,57.5892167680268,-1.24404620781434,7.99959810681265,16.7102530546717,4.35450230089661e-05,0.00919750001192825,chr3,133543083,133614680
RAB9B,6.931401,2.424412,4.363088,3.514643,3.605135,2.886494,6.972284,0.364026,3.882685375,2.22914092989782,,8.133304,15.211395,17.285725,23.911577,7.302451,6.093141,9.539332,8.900414,3.649298,7.763976,10.7790613,6.15070394856195,-1.13192671057658,4.03260620889466,17.5576444950993,2.78727965769442e-05,0.00762516230606653,chrX,103077252,103087158
RALYL,32.748692,7.769172,8.208826,4.540268,15.792573,16.127699,23.239223,1.187755,13.701776,10.4874529062918,,30.138476,53.643642,47.065304,74.853798,27.445004,27.622548,24.492626,24.753579,24.515442,38.24033,37.2770749,16.6686345054402,-1.2009086338425,4.98111103987169,13.4370969455037,0.000246697078502998,0.0210078328699944,chr8,85095022,85834079
RAP1GAP2,22.113503,3.566531,7.330307,6.306897,5.907529,9.158451,16.261583,2.125642,9.096305375,6.77209501419604,,20.835498,23.056916,45.080526,66.337956,20.446309,10.744873,25.742261,21.937123,16.337178,15.925676,26.6444316,16.6579843573332,-1.13551465883881,6.07171965184033,16.6200689733194,4.56652534536843e-05,0.009247585784586,chr17,2680350,2941033
RASGRF1,21.162253,6.174934,18.078509,3.81811,12.979668,11.983353,30.406749,0.522979,13.140819375,9.87672997577653,,31.772289,52.058794,50.668371,53.339371,35.54943,20.7707,43.855359,24.831064,26.706391,27.174801,36.672657,12.3373431272121,-1.26112766435095,6.55817712257571,12.636894633699,0.000378207707144356,0.0266058049449947,chr15,79252289,79383115
RASL12,28.387617,6.883061,11.67097,32.02478,34.815598,2.755435,10.650518,4.066401,16.4067975,13.1543301165576,,7.06941,9.464916,13.255556,3.695091,1.839333,6.848582,3.716815,11.287318,8.443747,6.199852,7.182062,3.56439211240863,1.44146086696572,4.23400278184424,18.0141820110301,2.19265373439428e-05,0.00697571844522549,chr15,65345679,65369028
RBPMS,9.743618,9.746483,7.149325,16.736351,25.636509,6.510153,7.730811,8.167456,11.42758825,6.57394849471198,,6.309963,7.673011,11.029919,4.630162,4.657971,10.177551,7.397163,4.603813,10.8914,7.560259,7.4931212,2.52305048768046,1.20213676983225,3.59158133012142,15.0637112084717,0.000103942438525795,0.0134081010279664,chr8,30241944,30429778
RCAN2,48.716041,23.593576,34.336487,13.125657,31.356253,31.525887,36.938143,3.552943,27.893123375,14.1981990962988,,61.88022,84.441317,82.365165,159.883648,71.089782,60.282589,62.830917,33.418681,44.351034,81.334455,74.1877808,34.3230058029221,-1.07701632567007,6.67789016602793,13.8836561166821,0.000194482362802716,0.0185925738057066,chr6,46188475,46459709
RCAN3,1.413066,1.691163,4.96194,2.326295,2.013581,0.541559,1.371649,0.372774,1.836503375,1.42806080606724,,0.70871,1.385654,1.511629,1.337613,0.703675,2.087496,0.953609,0.852116,1.320199,0.559241,1.1419942,0.471283810287224,1.03176476514739,2.59894003643331,12.084587771362,0.000508403409845982,0.0309241425307928,chr1,24829387,24867530
REEP1,17.712247,5.58748,7.839578,5.827958,11.692907,8.653267,15.786459,1.218132,9.2897535,5.50675923224232,,20.535705,31.025872,41.406888,60.967604,18.360984,27.791682,19.184927,16.741405,10.415832,18.417103,26.4848002,14.933077507426,-1.11143960494745,5.35168907187899,17.7934779981864,2.46225817830417e-05,0.00720912064637772,chr2,86441116,86565206
RET,1.351378,0.28402,0.432781,0.300798,0.51065,0.514596,0.853185,0.082306,0.54121425,0.396707370092778,,1.013611,3.366337,2.454215,3.535943,0.877708,1.894424,1.893833,0.768853,0.360998,1.195271,1.7361193,1.09749909116754,-1.22036138409714,1.84961804414458,12.0732951314896,0.000511492161427156,0.0310051657594682,chr10,43572475,43625799
RFK,33.941894,10.822679,15.752082,11.862953,23.291188,13.261119,33.322332,2.484725,18.0923715,11.1755947245675,,37.176197,89.826645,66.447271,72.482978,34.313859,26.063637,32.785526,35.164974,35.39993,41.05694,47.0717957,21.2640169849727,-1.05230416159261,5.74348046613203,17.4252303835647,2.98832932998333e-05,0.00776266521227641,chr9,79000433,79009433
RFPL1S,15.873576,4.360735,4.526689,3.092002,11.55197,10.151357,23.004811,0.724529,9.160708625,7.5207663513524,,21.60369,35.665759,35.863729,42.381103,21.716456,12.050777,24.231763,17.551525,19.233322,22.060153,25.2358277,9.55272980100982,-1.13298807112508,5.90318445977465,10.8406485770802,0.000992959466853812,0.0446073718044814,chr22,29832818,29874164
RGS22,1.442121,0.892621,1.603855,4.589484,1.554227,0.452459,1.429808,0.184966,1.518692625,1.35011561483547,,0.514207,1.361463,1.992551,0.587474,0.294705,0.835762,0.610464,0.82078,0.71011,0.194747,0.7922263,0.530306859893622,1.17158842306698,1.45388379508845,11.7929701125054,0.000594548037202725,0.0337069000043596,chr8,100973164,101143496
RGS4,55.955991,8.763237,12.215774,4.00961,11.112653,64.253567,34.29999,1.560388,24.02140125,24.4595399670732,,103.505141,111.010285,128.524591,315.050823,127.177191,91.920715,92.043687,57.141235,95.393773,136.714658,125.8482099,70.3846228893109,-1.94329691909409,7.29507391680695,16.1251069777496,5.92927582628696e-05,0.010460092235726,chr1,163038565,163046592
RGS7,28.508937,6.71088,8.145278,6.267308,14.111997,16.924448,22.39549,1.202402,13.0333425,9.20454166681151,,32.467777,52.52859,56.944997,82.150527,33.854584,34.286647,30.736856,25.739664,24.986379,38.147751,41.1843772,17.8010096739286,-1.28597904775138,5.17292983628734,18.1534956672074,2.03794991174266e-05,0.00672594916033066,chr1,240931554,241520530
RGS7BP,6.268695,2.127182,1.597668,2.262573,3.530577,2.989762,8.513392,0.382953,3.45910025,2.66721820527218,,10.74446,12.434612,21.656477,29.756088,13.224212,6.526989,10.036649,7.376442,6.786752,21.034241,13.9576922,7.72762673938429,-1.7277138437598,4.49568685055264,23.810565204404,1.06297401357265e-06,0.00139988733522338,chr5,63802084,63908139
RHEBL1,2.728355,0.655787,1.015921,0.521832,0.69798,2.286166,1.224444,0.170412,1.162612125,0.894992458317696,,3.696792,4.005109,7.68942,11.043051,3.224022,3.123716,2.777697,2.755395,1.276763,2.440651,4.2032616,2.92794707250935,-1.32636952897267,1.00095542347033,11.231675222706,0.000804130290291056,0.0396319357779741,chr12,49458468,49463808
RIIAD1,9.088012,4.151515,2.500418,3.160563,4.756354,4.380638,10.017154,1.017079,4.883966625,3.12670443160819,,27.096169,19.442457,14.609798,22.12052,9.931892,17.90012,14.379064,13.696486,16.838075,4.254565,16.0269146,6.33671202342954,-1.24303668158364,1.7448719428732,14.9051424898317,0.000113054381874746,0.0140090953855251,chr1,151682909,151702281
RIMBP2,17.123741,5.154218,5.927822,5.127212,10.127509,9.606103,16.376472,0.81979,8.782858375,5.7047796990562,,22.833349,20.806586,38.142314,53.221073,20.410898,17.822318,24.739212,17.796495,19.735418,25.913262,26.1420925,11.2124537166513,-1.26122298990396,6.05352923116618,18.7691272546173,1.47536170509767e-05,0.00564947995029842,chr12,130880682,131200826
RIMKLA,4.005181,0.927147,1.469684,1.438742,1.817199,2.095512,4.370397,0.290413,2.051784375,1.43081222830949,,4.347744,7.904167,7.711401,12.616804,5.656503,3.375341,5.543868,3.524876,3.349365,5.889392,5.9919461,2.85667565270016,-1.21738084125331,4.4586125212951,17.4143760593439,3.00544246691195e-05,0.00777147038624461,chr1,42846466,42888249
RIT2,7.350296,0.788858,3.03615,1.993239,3.24962,4.751768,3.047606,1.319822,3.192169875,2.08703242468086,,7.202376,22.834893,14.74739,27.947731,8.68091,4.326921,13.099299,6.05181,5.810841,7.586843,11.8289014,7.93208111327271,-1.34275781388605,2.31685690262129,14.0713161415322,0.000176007581987105,0.0175477700006122,chr18,40323192,40695657
RNF144A-AS1,2.061405,0.959458,1.00348,1.035574,1.250674,3.835709,2.051292,0.193037,1.548828625,1.10713827438774,,4.43722,3.908868,3.759479,18.163717,7.348821,6.631607,4.989347,3.348023,3.40312,8.443444,6.4433646,4.48221410558798,-1.6283514126088,2.62979905087439,15.3703237342566,8.83652731039602e-05,0.0124169653861145,chr2,7052408,7058840
RNF165,5.086855,1.835636,2.182616,1.3098,2.577355,3.330063,6.708632,0.402711,2.9292085,2.06960797903295,,6.221074,9.938727,15.135103,17.251072,5.576919,5.821906,5.868232,5.817302,5.308806,4.820927,8.1760068,4.47683587149483,-1.05398122858052,4.17799268828886,12.4251721752182,0.000423585485209809,0.0281631713047563,chr18,43906772,44043103
RNVU1-15,0,0.0,0.0,0.0,0.0,0.0,0.0,0.0,0,0,,0.341631,0.543812,0.385587,0.0,0.131807,0.286968,0.504595,0.188649,0.945781,0.255455,0.3584285,0.263754495366956,-3.74447504377399,-4.54388014062996,12.776201467728,0.000351057066402909,0.0254834603286777,chr1,148604908,148605072
RNVU1-15,0,0.0,0.0,0.0,0.0,0.0,0.0,0.0,0,0,,0.341631,0.543812,0.385587,0.0,0.131807,0.286968,0.504595,0.188649,0.945781,0.255455,0.3584285,0.263754495366956,-3.74447504377399,-4.54388014062996,12.776201467728,0.000351057066402909,0.0254834603286777,JH636052.4,1227989,1228153
RP1-111D6.3,100.463084,58.86505,75.080032,147.024432,70.572886,3.903745,28.11527,16.375894,62.550049125,47.1554583704399,,22.615301,64.6188,82.061334,21.397016,6.966856,21.014745,17.484427,44.273141,43.643081,11.853548,33.5928249,24.4843601952318,1.26112748244165,3.73578415563783,11.0448858379843,0.000889321793095237,0.0419065247217575,chr6,149539062,149565208
RP1-130H16.18,0.087681,2.565163,0.465635,1.017116,0.23925,1.48695,1.289511,2.07355,1.153107,0.880953472424703,,0.229762,0.360607,0.816843,0.319819,0.000743,0.050549,0.060927,0.688633,0.140315,1.278239,0.3946437,0.412172383950117,2.55888639135383,0.506786054003314,12.3698542941364,0.000436321655732137,0.0285362645878273,chr22,30681227,30695471
RP1-142L7.9,0.260732,0.061628,0.060454,0.385076,0.209254,0.0,0.07934,0.115862,0.14654325,0.128410102125684,,0,0.042608,0.086218,0.035518,0.037048,0.0,0.024638,0.0,0.050228,0.047148,0.0323406,0.0274403204232992,2.30034621065597,-3.49945012134798,11.9474466187297,0.000547223238928613,0.0320730518324861,chr6,112538841,112540771
RP1-142L7.9,0.260732,0.061628,0.060454,0.385076,0.209254,0.0,0.07934,0.115862,0.14654325,0.128410102125684,,0,0.042608,0.086218,0.035518,0.037048,0.0,0.024638,0.0,0.050228,0.047148,0.0323406,0.0274403204232992,2.30034621065597,-3.49945012134798,11.9474466187297,0.000547223238928613,0.0320730518324861,JH636056.1,215161,217091
RP1-269M15.3,2.318244,0.919868,0.255857,0.0,1.008251,2.321394,3.08908,0.037451,1.243768125,1.18680001933885,,5.728112,6.969663,9.962209,12.57992,5.568935,3.639486,7.874956,5.295372,3.509622,9.721844,7.0850119,2.94505268571509,-2.1128669987519,1.13758174898824,14.1435003634569,0.000169381280099866,0.0171590205917268,chr20,41818862,41830011
RP1-46F2.3,1.004093,0.282278,0.35421,0.0,0.888426,0.423347,0.510034,0.218719,0.460138375,0.337220969279762,,1.452466,0.391367,4.071187,7.900243,3.965882,0.694866,4.572681,1.42232,0.809875,3.844085,2.9124972,2.38050369942245,-2.1241318192805,-0.513870477206807,13.0852616592422,0.000297628256666707,0.0233372998975932,chr12,111389487,111395616
RP1-73A14.2,1.976914,4.616362,5.197282,1.292942,1.874984,0.32437,1.960124,0.028518,2.158937,1.85464801398432,,0.750958,0.789524,0.448276,0.277092,0.0,0.703074,0.940846,1.617,0.347876,0.193618,0.6068264,0.463720881338285,2.05472397528368,-2.49479375372172,11.9366371149435,0.000550407405030639,0.0321330112778145,chrX,146045694,146046003
RP1-73A14.2,1.976914,4.616362,5.197282,1.292942,1.874984,0.32437,1.960124,0.028518,2.158937,1.85464801398432,,0.750958,0.789524,0.448276,0.277092,0.0,0.703074,0.940846,1.617,0.347876,0.193618,0.6068264,0.463720881338285,2.05472397528368,-2.49479375372172,11.9366371149435,0.000550407405030639,0.0321330112778145,JH806600.2,2488567,2488876
RP1-79C4.4,0.275244,0.191472,0.293456,0.752533,0.458189,0.033836,0.442641,0.260041,0.3384265,0.214881219782332,,0.100305,0.05337,0.04353,0.031877,0.040606,0.076603,0.183588,0.091502,0.022056,0.078158,0.0721595,0.0470693297694416,2.51492935408133,-1.64146306206085,25.1106155006793,5.41340310424523e-07,0.00105708829100105,chr1,170636522,170638566
RP1-90L6.2,0.503636,0.344274,0.666011,0.552095,0.199497,0.103134,0.570689,0.037886,0.37215275,0.236077757389836,,0.261377,0.149203,0.37075,0.258052,0.034561,0.142621,0.192088,0.210026,0.242432,0.066291,0.1927401,0.0993591192196267,1.2284034199992,0.0529866812143543,10.927014729856,0.000947720829325311,0.0435620802304083,chr22,27254597,27261749
RP11-100E13.1,0.899944,0.406575,0.45531,0.0,0.0,0.327334,0.6793,0.0,0.346057875,0.336591580537447,,1.680661,4.451372,2.212295,1.364816,0.850516,0.375068,1.691263,1.409931,1.676268,0.984826,1.6697016,1.10601173987492,-1.85085993108903,-1.8125039531858,11.1250782236915,0.000851682843917417,0.0408728370916944,chr1,224802998,224803922
RP11-1023L17.2,0.143215,0.047499,0.042271,0.111639,0.449592,0.025872,0.025379,0.025452,0.108864875,0.144567597491314,,0.002832,0.043599,0.047311,0.026384,0.007343,0.022415,0.065923,0.006381,0.030211,0.018182,0.0270581,0.0202981445646312,2.2561058462825,-2.3948327519487,14.5393865709391,0.000137259687749206,0.0153614206670944,chr5,34190161,34193758
RP11-1026M7.2,2.866349,0.308795,1.028089,0.811341,1.2988,1.355073,1.587993,0.274717,1.191394625,0.827343287332918,,3.680257,3.113513,7.491842,5.864033,2.020527,3.958648,2.738564,1.743821,3.067546,5.515944,3.9194695,1.83363534579051,-1.38935537699396,1.3092316229684,15.1871566559544,9.7363377244236e-05,0.0130342323284792,chr5,177209198,177221397
RP11-107P7.4,0.044623,0.196973,0.209801,0.174228,0.347403,0.0,0.151267,0.054497,0.147349,0.112127529907436,,0,0.105003,0.073696,0.079556,0.025207,0.032631,0.0,0.034794,0.032199,0.0,0.0383086,0.0366029328946314,2.30504018783529,-3.26174833681809,13.3105398555258,0.000263918364314869,0.0220434115822813,chr11,49155205,49156352
RP11-114F3.2,1.126841,0.765986,1.566056,0.792592,0.903042,0.540349,1.588478,0.163427,0.930846375,0.487394165896538,,1.810798,5.483322,4.909668,5.317854,2.201775,1.992604,2.291503,2.061588,3.078922,2.671498,3.1819532,1.46886335861016,-1.38496496405707,-0.285979492637042,17.4344308726557,2.97390036443064e-05,0.00776078358236602,chr12,64731958,64732577
RP11-122A3.2,3.243914,1.12888,2.782531,2.877888,1.800115,0.371713,0.997175,0.995981,1.774774625,1.06826876931991,,0.51528,1.253154,1.163827,0.940298,0.301304,0.513845,0.460151,0.501249,0.911522,0.678057,0.7238687,0.323719190971314,1.69969784089928,-0.425497434696805,22.7183935573958,1.87563866874923e-06,0.00193119167586546,chr8,91970865,91997485
RP11-1263C18.1,15.590102,4.323371,6.336382,3.012387,5.705503,5.895089,9.948822,1.178465,6.498765125,4.48438755186491,,16.741346,37.070522,17.063055,25.500875,17.010916,6.941265,12.093561,11.252548,15.392305,14.884898,17.3951291,8.42577588700238,-1.10947277434048,2.01626275849504,11.4920464254112,0.000698946383088776,0.0366487358591984,chr4,567669,568201
RP11-129K12.1,0.356107,0.157322,0.635903,0.37455,0.483657,0.239944,0.596663,0.198139,0.380285625,0.179701537501919,,0,0.233652,0.078831,0.395699,0.033297,0.060779,0.075647,0.130736,0.28972,0.092791,0.1391152,0.12649984145427,1.80177381264811,-2.95625363722027,12.3417459838461,0.000442940553612467,0.0285429144623934,chr3,37014608,37015163
RP11-13A1.1,0.655059,0.258572,0.143373,0.052007,0.273951,0.953952,0.999529,0.076612,0.426631875,0.387870643533359,,1.713196,1.585352,2.176095,2.780801,1.473707,6.212364,1.792229,0.862121,2.01549,1.843423,2.2454778,1.4785858161122,-1.91731781073542,1.37989370234958,15.2099250489968,9.61965059132086e-05,0.0130012217979931,chr12,89404458,89413456
RP11-13J8.1,0.077269,0.0,0.0,0.173068,0.0,0.0,0.0,0.125575,0.046989,0.0697222885473915,,0,0.0,0.0,0.0,0.0,0.0,0.0,0.0,0.0,0.0,0,0,5.31041772021058,-4.2481166780323,11.1119122668694,0.000857750065597452,0.0410943557231117,chr2,201966105,201967859
RP11-13K12.1,0.312355,0.066042,0.180248,0.106247,0.320991,0.176341,0.43438,0.090911,0.210939375,0.131379365406268,,0.653706,1.972842,1.033403,1.453951,1.245678,0.215405,1.530986,2.205996,0.513498,0.993197,1.1818662,0.631737038289368,-1.44929524587923,0.642416377460582,11.1781237692544,0.000827674273212292,0.0402220961692992,chr17,75543022,75559325
RP11-143A12.3,0.42245,0.796613,2.480172,0.774965,0.548512,0.110355,0.791286,0.286701,0.77638175,0.733300351500909,,0.164999,0.681878,0.345022,0.206954,0.292723,0.476516,0.482299,0.517223,0.244597,0.059653,0.3471864,0.190011939674093,1.40157281331462,-0.239328647347955,10.9052090320761,0.000958942178791335,0.0437229763629424,chr5,8839844,8881637
RP11-143K11.1,11.971254,1.747765,2.7716,3.000499,4.176219,4.410092,9.674155,1.946547,4.962266375,3.78579491174869,,8.548941,25.655918,14.928897,26.615225,10.94848,11.879799,7.752925,10.546618,8.741112,10.582702,13.6200617,6.89790900253329,-1.03132977778746,2.73704674320856,11.0967741353179,0.000864780135813174,0.0412240886699884,chr17,71171622,71172772
RP11-150O12.1,0.424935,0.097861,0.0,0.0,0.285436,0.284194,0.862932,0.0,0.24441975,0.297395838279436,,0.861,1.461805,1.062883,2.557472,0.816355,3.812824,0.720725,0.675582,0.742249,0.486519,1.3197414,1.05929519296089,-2.0313792857327,-0.94237705967045,10.7766630445722,0.00102787821350938,0.0459051382908695,chr8,37278859,37411701
RP11-153F1.1,0.160419,0.0,0.0,0.208619,0.0,0.225283,0.0,0.0,0.074290125,0.10409912270172,,0.269766,0.320133,0.387477,0.790278,0.399206,0.845539,0.457274,0.423095,0.253754,0.835057,0.4981579,0.233914858384389,-2.5164326636008,-2.86654722556711,12.8234778611488,0.000342296863860125,0.0250639339535198,chr1,103960701,104068105
RP11-16C18.3,0.412736,0.21193,0.26169,0.401551,0.241088,0.0,0.474624,0.0,0.250452375,0.179908873866694,,0,0.0,0.176603,0.03948,0.066809,0.033468,0.192989,0.0,0.0,0.013485,0.0522834,0.0733499221421991,2.43659667316441,-3.31568533141267,10.5100071189584,0.00118729797919607,0.0495106754520576,chr6,90270594,90276763
RP11-170N11.1,1.107389,0.32492,0.216744,0.088409,0.23152,0.75811,0.692783,0.048574,0.433556125,0.376743605387551,,1.012322,0.887607,1.551005,6.583243,2.177924,2.291569,0.835453,0.583399,2.70344,1.335543,1.9961505,1.7586743497779,-1.77758588722125,0.262633364351966,12.5851972351843,0.000388813999825624,0.0269741591465487,chr1,83439565,83451891
RP11-186F10.2,0.378683,0.30307,1.716001,0.135362,0.620774,0.220884,0.320903,0.133777,0.47868175,0.523746111044478,,0,0.206704,0.463697,0.166053,0.099923,0.286269,0.0,0.181844,0.109507,0.0,0.1513997,0.146473330264174,2.02642565965544,-2.8586698893812,11.6884214495162,0.000628902319667313,0.0343765535332435,chr12,71976073,71977632
RP11-191L9.4,0,0.0,0.0,0.0,0.0,0.0,0.0,0.0,0,0,,0,0.125202,0.0,0.603586,0.078728,0.267513,0.0,0.0,0.122021,0.365038,0.1562088,0.200522339366078,-5.84349485666108,-3.455445391393,16.7714077395311,4.21638588840236e-05,0.00901017798016366,chr22,48027423,48251349
RP11-193H5.1,0,0.0,0.0,0.0,0.0,0.0,0.0,0.0,0,0,,0,0.0,0.057814,0.0,0.042685,0.0,0.027122,0.019333,0.0,0.106378,0.0253332,0.0352331981321909,-5.08760734382534,-3.98958764946587,10.6565055833161,0.00109684422485293,0.0474871495483155,chr1,238025475,238091621
RP11-195B3.1,0,0.0,0.0,0.0,0.0,0.0,0.0,0.0,0,0,,0.378523,0.16536,0.0,1.154951,0.0,0.0,0.0,0.0,0.47829,0.471207,0.2648331,0.373268901571404,-5.31154006857283,-3.8456069074709,11.4433437048048,0.00071750560322652,0.037310950234265,chr10,3308195,3309207
RP11-196G11.1,0,0.0,0.0,0.022743,0.0,0.0,0.0,0.0,0.002842875,0.00804086476226282,,2.9e-05,0.744337,1.095369,0.0,0.0,0.0,0.0,0.003159,0.86141,0.655266,0.335957,0.446792327624616,-6.84586285430634,-1.83951052299273,18.7911036848715,1.45845845322142e-05,0.00564947995029842,chr16,31094760,31106277
RP11-215G15.5,10.38913,2.52565,4.349901,5.985113,2.138487,5.808591,8.482965,1.007721,5.08594475,3.2383974712164,,9.445189,28.388937,22.372213,26.294464,9.481638,8.189727,9.335485,11.995985,6.713982,8.84617,14.106379,8.22272668788018,-1.06579800897152,4.36738727611971,15.7172193780607,7.35515360780171e-05,0.0114430901339,chr5,10654332,10657928
RP11-216P16.2,2.857237,0.673796,1.530677,1.612742,0.894527,1.126555,1.181437,0.256032,1.266625375,0.779894216972851,,3.274186,5.64534,2.677988,4.677381,2.915459,2.260633,1.992136,2.25751,2.865872,2.961906,3.1528411,1.14973571186285,-1.059416236258,0.175594368870344,10.7443076176326,0.00104600568825291,0.0463129445817621,chr12,121438289,121439071
RP11-236J17.6,0.790207,0.115315,0.564294,0.703044,2.219004,0.627283,1.20121,0.0,0.777544625,0.694281361627143,,2.926733,10.26607,4.766281,6.061668,1.673867,0.500782,2.23381,3.842012,8.414762,1.95721,4.2643195,3.14496903360082,-2.08495037598676,0.351226414305839,14.6816174371032,0.000127281619315902,0.0146798998375565,chr11,8056993,8061265
RP11-236P24.3,0.364748,0.321851,0.215996,0.0,1.067328,0.0,0.144976,0.0,0.264362375,0.355445559294624,,0,0.0,0.0,0.0,0.0,0.0,0.0,0.0,0.0,0.0,0,0,5.12884485123999,-4.1415039810946,18.1597093958451,2.03131111906397e-05,0.00672594916033066,chrX,53122892,53124040
RP11-236P24.3,0.364748,0.321851,0.215996,0.0,1.067328,0.0,0.144976,0.0,0.264362375,0.355445559294624,,0,0.0,0.0,0.0,0.0,0.0,0.0,0.0,0.0,0.0,0,0,5.12884485123999,-4.1415039810946,18.1597093958451,2.03131111906397e-05,0.00672594916033066,JH806587.1,2806825,2807973
RP11-243A14.1,0.426987,1.544788,1.080107,1.897334,0.866645,0.206334,0.650651,0.263037,0.866985375,0.610394327014206,,0.281633,0.742691,0.748929,0.210645,0.270758,0.613866,0.3343,0.558317,0.436803,0.125957,0.4323899,0.222820437094511,1.44244661296132,1.18276660780178,14.4408460949743,0.000144631098648326,0.0157426201807806,chr16,9449445,9501950
RP11-247C2.2,0.506564,0.416478,0.234378,0.107569,0.108374,0.639609,0.639058,0.078453,0.341310375,0.239050971221583,,1.212787,1.902152,1.136043,2.901364,1.640661,1.545689,0.830169,1.234749,1.190879,1.12962,1.4724113,0.587512055042854,-1.56400309755518,0.790964677548333,14.1733938160672,0.000166711255363123,0.016979661294889,chr15,74418256,74421619
RP11-267A15.1,18.644009,12.374695,19.330065,36.31413,12.936625,0.965454,21.432314,1.462973,15.432533125,11.4490655293816,,3.930056,4.41966,17.092388,5.932566,1.747908,4.646773,7.782687,10.899472,2.493572,1.158028,6.010311,4.86096397704475,1.60856208330413,2.19522181910133,15.254655608115,9.39449002779474e-05,0.0127884753794228,chr5,173763298,173959460
RP11-271F18.4,2.053701,0.0,0.392574,0.0,0.230889,0.0,0.557203,0.0,0.404295875,0.699790358410582,,3.145994,3.839369,3.820892,8.389819,2.478587,1.566068,1.818664,1.80566,4.088967,4.405306,3.5359326,1.99689756415653,-3.06447351101839,-0.622232599301211,22.0422948513489,2.66708158849903e-06,0.00209769671215433,chr10,10461501,10504312
RP11-274B21.3,4.456233,5.337424,6.593735,11.286588,3.46802,2.580038,5.248383,2.509381,5.18497525,2.84517251831508,,2.602228,2.441056,8.472383,3.529152,1.223592,2.95611,3.88648,3.665786,4.338905,0.732539,3.3848231,2.12230079034479,1.1177717842291,1.07647624896407,11.0393079022266,0.000892001560483121,0.0419159109929301,chr7,128294023,128294776
RP11-277P12.20,0.562091,1.332882,1.588206,0.55944,0.499705,0.394122,0.90528,0.259724,0.76268125,0.473053347929853,,0.277806,1.042757,0.614742,0.293121,0.204394,0.346505,0.61847,0.522317,0.424707,0.268926,0.4613745,0.251559962006521,1.22258181026643,0.243445314812837,10.9063835964498,0.00095833433130345,0.0437229763629424,chr12,10516368,10551105
RP11-285F16.1,6.085927,5.751722,12.72297,14.804152,3.357256,1.686179,4.767384,3.541828,6.58967725,4.67751137520024,,3.457206,7.099203,1.58327,2.735633,3.471718,3.165557,3.132458,2.290352,4.195275,2.529003,3.3659675,1.49710042533138,1.27939947302897,0.705112665139876,11.9026209516889,0.000560550154281649,0.0323912190681791,chr10,102172691,102173178
RP11-293M10.6,1.499385,0.567968,0.811637,1.60381,0.973668,0.554209,1.051138,0.150448,0.901532875,0.490235315380696,,2.186628,3.356762,3.186667,3.475285,1.731977,1.050818,2.547987,1.91045,1.265365,2.325761,2.30377,0.847507192418513,-1.08600806243235,2.01779112136522,15.8679564636829,6.79190040162453e-05,0.0110522565472297,chr14,75890386,75894444
RP11-297M9.2,12.505418,4.741014,7.530244,5.670641,4.729266,7.114357,12.159721,0.449972,6.862579125,4.00008609191425,,16.491405,23.800165,29.371099,44.738689,15.59076,8.222184,19.815981,11.10023,7.889997,17.223619,19.4244129,11.1306249099839,-1.17031459237404,5.20633531425005,14.6346544977772,0.000130492791986793,0.0147963407446684,chr16,9847272,9851895
RP11-298E9.6,0,0.0,0.0,0.0,0.0,0.0,0.0,0.0,0,0,,0,0.293423,0.0,2.04495,1.445498,0.8544,0.0,0.0,0.0,0.835219,0.547349,0.729464254503414,-6.20509198722069,-3.20157056816095,15.351310924807,8.92589735328249e-05,0.0125115010202731,chr10,3282563,3299402
RP11-299H21.1,0.336999,0.135033,0.172872,0.271013,0.165809,0.067753,0.214719,0.0,0.17052475,0.107366416133524,,0.377556,0.755363,0.760642,0.677256,0.459868,0.197805,0.540941,0.476263,0.422893,0.408154,0.5076741,0.179047169998703,-1.32392192818889,-0.848842037139715,12.7672911597062,0.000352733277028737,0.0254834603286777,chr2,101768122,101771872
RP11-325I22.2,0.148971,0.0,0.0,0.0,0.148423,0.462986,0.027573,0.028335,0.102036,0.158947503531377,,1.665357,0.0,0.232961,5.035429,1.809268,1.345475,0.893779,0.50704,1.204563,0.640806,1.3334678,1.42996327564101,-2.95055172342428,-0.340620637580062,10.5070178339124,0.00118922024009399,0.0495543436175734,chr5,1363697,1380182
RP11-327L3.3,0,0.134049,0.0,0.904111,0.0,0.0,0.0,0.457164,0.1869155,0.330559163603561,,0,0.0,0.0,0.0,0.0,0.0,0.0,0.0,0.0,0.0,0,0,5.42407121211424,-4.1729306994617,12.0201671468925,0.000526279823643874,0.0315158949028145,chr9,35930009,35937148
RP11-329J18.3,0,0.0,0.0,0.0,0.0,0.0,0.0,0.0,0,0,,0.155228,0.155115,0.12141,0.136874,0.0,0.0,0.267139,0.0,0.0,0.234363,0.1070129,0.101872975704987,-4.84485264551664,-4.11398804958889,12.3177905021694,0.000448661467750277,0.0287161010936922,chr16,47230222,47236340
RP11-347K2.2,0.18327,0.0,0.0,0.237633,0.0,0.0,0.0,0.0,0.052612875,0.0984975842074131,,0.300164,0.275468,0.430366,0.600023,0.390453,0.925023,0.487026,0.235801,0.30462,0.895937,0.4844881,0.249521839251909,-3.01994173532012,-3.13249637787668,16.9436341124045,3.85062250724673e-05,0.00855234344750381,chr1,103820969,103835986
RP11-372K14.2,2.143817,2.729481,5.768322,4.002979,5.264174,0.558175,3.73142,0.524636,3.0903755,1.96983889706639,,1.554262,1.603754,3.56557,2.177742,0.764353,1.68479,1.106956,0.883942,2.460099,1.151874,1.6953342,0.850515210094159,1.20322648992789,0.738452719999276,11.8445701374822,0.000578297233184631,0.0331152339024336,chr4,152061143,152062255
RP11-378A13.1,2.461085,0.481892,1.332611,1.808725,0.671031,1.473434,1.100394,0.280964,1.201267,0.727349033660889,,3.540532,8.206154,6.070924,3.935335,2.088143,2.279047,2.647665,2.23103,1.855405,2.477747,3.5331982,2.06849902709202,-1.17402394082343,1.56823732666588,14.3269722958804,0.00015364757569357,0.0162330383655806,chr2,219120042,219122087
RP11-383H13.1,4.199963,0.593024,0.647795,1.500454,0.788481,0.918568,1.212963,0.474425,1.291959125,1.22304818072942,,5.120803,5.672811,8.316432,13.777267,3.573193,3.193039,5.067757,1.337979,2.450057,4.800631,5.3309969,3.53818296298502,-1.70190430980012,2.65771639223149,21.7209880992163,3.153225028801e-06,0.00227376573290211,chr8,72740402,73030628
RP11-384O8.1,8.568535,2.799254,2.611262,3.380845,3.310659,4.167683,8.519477,0.427485,4.22315,2.87647418480467,,12.757218,21.626936,19.826038,17.180029,12.245655,7.972211,12.654711,7.303183,16.219902,11.286672,13.9072555,4.73806322832965,-1.43475435197414,3.01614062058939,22.3224911699216,2.30491186242268e-06,0.00207182307709736,chr2,223181961,223183372
RP11-386I23.1,0.042559,0.093464,0.358794,0.19857,0.06153,0.071824,0.026277,0.023847,0.109608125,0.115141048035427,,0.013972,0.068911,0.056154,0.086701,0.0,0.0,0.034833,0.047056,0.024976,0.028736,0.0361339,0.0287418661477566,1.96462747335175,-2.46017473173692,11.2503692046378,0.000796071795639886,0.0393022906520283,chr1,93396253,93399655
RP11-390B4.3,0.409513,0.153516,0.461142,0.21609,0.102948,0.0,0.111001,0.0,0.18177625,0.172872192212091,,0,0.163959,0.0,0.0,0.0,0.0,0.0,0.0,0.0,0.0,0.0163959,0.0518483882883547,3.23002409933183,-4.35906616294131,13.5197967812081,0.000236059977573117,0.0207575162577454,chr10,17737708,17742231
RP11-390B4.3,0.409513,0.153516,0.461142,0.21609,0.102948,0.0,0.111001,0.0,0.18177625,0.172872192212091,,0,0.163959,0.0,0.0,0.0,0.0,0.0,0.0,0.0,0.0,0.0163959,0.0518483882883547,3.23002409933183,-4.35906616294131,13.5197967812081,0.000236059977573117,0.0207575162577454,GL383543.1,124500,129023
RP11-390F4.10,0,0.0,0.63751,0.605934,0.433951,0.0,0.200328,0.0,0.234715375,0.283168130861678,,0,0.0,0.0,0.0,0.0,0.0,0.0,0.0,0.0,0.0,0,0,5.08898471943005,-4.15481785263932,15.1055781905707,0.0001016624414594,0.0131966261992143,chr9,6704471,6707780
RP11-395P13.3,0.10917,0.041284,0.087393,0.0,0.0,0.0,0.0,0.060248,0.037261875,0.0443721870430357,,0,0.0,0.0,0.0,0.0,0.0,0.0,0.0,0.0,0.0,0,0,4.08541061770101,-4.61559894886292,10.7036481991185,0.0010692448322891,0.0467930955237246,chr5,124705858,124706617
RP11-404G16.2,0.936606,2.773295,4.453043,1.672665,1.517307,0.352118,0.932346,0.331166,1.62106825,1.39273859461522,,0.258915,0.93961,0.387447,0.630864,0.230585,0.180654,0.703151,0.621336,0.475959,0.019173,0.4447694,0.281464412416837,2.28096267916492,0.378975323549422,24.4718887172579,7.54019838019087e-07,0.00126689806309549,chr3,133479144,133481207
RP11-407H12.8,0,0.0,0.0,0.0,0.0,0.0,0.0,0.0,0,0,,0.16761,0.173299,0.24982,0.942543,0.401573,0.089533,0.036187,0.0,0.154833,0.295007,0.2510405,0.270862529230953,-6.29304679870676,-3.15184514747911,30.0448817559386,4.22161310796956e-08,0.000217332480628371,chr1,248647546,248648785
RP11-416I2.1,4.058762,0.637977,0.957177,1.337973,2.880851,3.679481,6.261409,0.242221,2.506981375,2.08426331137955,,7.710427,7.059224,13.309923,13.528364,9.313822,1.767882,9.803978,6.594415,4.468707,7.99117,8.1547912,3.61713417380884,-1.38739409614582,3.40279362816993,11.3460413952039,0.000756089598671319,0.0384350070764435,chr17,16915228,16918304
RP11-423G4.7,6.207348,1.679755,2.20592,2.352932,2.879973,2.786948,4.650208,0.224773,2.873482125,1.82976200227644,,7.927855,9.546793,11.39174,10.502127,5.65678,4.34913,6.457052,4.239922,5.800647,4.935767,7.0807813,2.60933723752672,-1.00951940650581,2.79969530007466,12.2113897602589,0.000474986376919217,0.0297873793339517,chr12,109301517,109303778
RP11-429J17.7,0.48523,0.026892,0.05563,0.162598,0.150396,0.114198,0.11877,0.0,0.13921425,0.151386795406195,,0.240622,0.763832,0.724992,1.014616,0.34139,0.323072,0.57097,0.432654,0.364807,0.258912,0.5035867,0.257043035599553,-1.47683297307338,-2.24834002953527,10.8574053892182,0.000984014652480344,0.0443660555376667,chr8,144840323,144853992
RP11-429J17.7,0.48523,0.026892,0.05563,0.162598,0.150396,0.114198,0.11877,0.0,0.13921425,0.151386795406195,,0.240622,0.763832,0.724992,1.014616,0.34139,0.323072,0.57097,0.432654,0.364807,0.258912,0.5035867,0.257043035599553,-1.47683297307338,-2.24834002953527,10.8574053892182,0.000984014652480344,0.0443660555376667,GL383535.1,96798,110467
RP11-438N16.1,4.292183,0.831526,1.292202,0.693523,1.162317,1.468211,3.059295,0.459661,1.65736475,1.32919770211279,,4.505141,3.883138,6.608498,7.254556,2.13805,2.022721,2.818101,3.820361,2.965895,4.440198,4.0456659,1.75477633519137,-1.10533386567127,1.63263403322506,10.4745891019926,0.00121027704253043,0.0497601067106712,chr12,114117264,114211488
RP11-447M12.2,0,0.0,0.0,0.0,0.0,0.0,0.0,0.0,0,0,,0,0.163955,0.421402,0.981813,0.270772,0.0,0.491013,0.0,0.486666,0.0,0.2815621,0.320918911658883,-5.29842547764817,-3.79730070575811,14.799083000984,0.00011959364183683,0.0143484498804615,chr9,137828997,137835041
RP11-448G15.3,1.951751,1.285936,2.179744,2.091873,1.24886,0.461914,1.172774,0.696693,1.386193125,0.638270510465013,,0.382175,2.13228,1.320261,1.101647,0.298332,0.502505,1.164699,0.736102,0.56627,0.444989,0.864926,0.57028074862494,1.19488769254644,1.34273115872806,14.4286444464906,0.000145571167537089,0.0157922407020264,chr4,10069713,10074643
RP11-449D8.5,0,0.0,0.0,0.0,0.0,0.0,0.0,0.0,0,0,,0,0.0,0.152667,1.736014,0.31492,0.099564,0.163642,0.0,0.0,0.158598,0.2625405,0.527972674581902,-5.28425938917647,-3.78266063424184,13.8667542838681,0.000196239327890949,0.0186770368052715,chr18,22305745,22509040
RP11-464F9.22,1.182158,0.728418,1.757964,2.516271,0.619031,0.925313,1.274954,0.293104,1.162151625,0.70672256411105,,0.640772,0.783996,1.525874,0.635827,0.275276,0.691749,0.728962,0.508407,0.718508,0.380477,0.6889848,0.335985895761778,1.09700466218316,-0.81442858149246,11.5133693750097,0.000690974177724889,0.036365405864668,chr10,75390314,75391248
RP11-477N12.3,0,0.0,0.0,0.0,0.0,0.0,0.0,0.0,0,0,,0,0.0,0.0,0.581648,0.147743,1.120617,0.226318,0.0,0.370269,0.121958,0.2568553,0.35891365760059,-6.19975448729209,-3.20212522166331,18.1478299322883,2.04402222107607e-05,0.00672594916033066,chr17,9694544,9725388
RP11-479O16.1,0.191705,0.127623,0.0,2.984657,0.0,0.0,0.0,0.0,0.412998125,1.04174827194994,,0,0.0,0.0,0.0,0.0,0.0,0.0,0.0,0.0,0.0,0,0,6.17363431145265,-3.47224320384515,15.7853608109712,7.09493520687486e-05,0.0113177207276089,chr5,58037408,58112926
RP11-48O20.4,0.460848,0.0,0.114529,0.0,0.0,0.0,0.10365,2.234082,0.364138625,0.771509463920648,,0,0.0,0.0,0.107377,0.0,0.0,0.136291,0.0,0.0,0.0,0.0243668,0.0518198239496988,5.65601245240725,-1.53198179985947,12.9708972252791,0.000316370373550531,0.0240583573031486,chr1,159931008,159948851
RP11-490K7.4,1.588653,0.456168,1.78701,1.603737,1.627345,0.036452,0.889738,0.347018,1.042015125,0.694113642030393,,0.255301,0.698929,0.793832,0.804901,0.027146,0.202616,0.093092,0.52701,0.0,0.15201,0.3554837,0.31960591210046,1.96238557281476,-2.22863650844512,14.4996356044591,0.000140186657430339,0.0156145592897959,chr1,31736092,31736528
RP11-497E19.1,1.480605,0.62351,0.743002,0.519246,0.914954,1.213089,2.422065,0.098741,1.0019015,0.712845979594671,,3.26354,4.024364,6.056889,7.849606,3.608568,2.008427,4.068543,2.150511,2.2187,2.772971,3.8022119,1.8686163600792,-1.54156555443338,1.40128776358835,17.9739702880621,2.23946411552928e-05,0.00699903166103849,chr14,85991477,85996332
RP11-497H16.5,2.445152,2.554571,5.855343,5.162508,0.847473,0.173673,0.86374,0.248685,2.268893125,2.19786869187151,,0.352863,1.72289,1.280891,2.244806,0.269089,0.468082,0.436881,0.394371,0.561098,0.230071,0.7961042,0.702420084889188,1.83594979323617,-1.32473582198135,14.7135042203903,0.000125146763004553,0.0146262204683852,chr5,69812214,69851093
RP11-497H16.8,0,2.431081,2.233553,1.113268,0.0,0.0,0.0,0.0,0.72223775,1.06672131398663,,0,0.0,0.0,0.0,0.0,0.0,0.0,0.0,0.0,0.0,0,0,6.77509815656453,-3.01944264818525,19.710266126282,9.01159512205795e-06,0.00468181302905523,chr5,69790927,69796730
RP11-4E23.2,0,0.0,0.0,0.0,0.0,0.0,0.0,0.0,0,0,,0,0.591232,0.0,0.229976,0.0,0.22037,0.45502,0.522418,0.405305,0.0,0.2424321,0.237465752933134,-4.66618928140934,-4.16939447320599,12.3855682177641,0.000432664950096166,0.028423878722733,chr9,20683303,20684687
RP11-513I15.6,0.106979,3.8233,0.152032,0.204382,0.169488,1.881686,0.030755,0.073529,0.805268875,1.36706725760162,,0,0.407731,0.548937,0.910318,0.094736,0.14775,0.056199,0.093246,0.105117,0.0,0.2364034,0.296478832697753,3.09775047729811,1.53350762608089,12.8759657760478,0.000332828923510752,0.0247021875615863,chr6,34247456,34254545
RP11-51G5.1,0.434444,0.301544,0.0,0.0,0.329551,0.0,0.946097,0.0,0.2514545,0.333282129202444,,1.152356,1.798652,2.378886,3.479405,0.867494,1.382237,1.074822,0.638203,1.068242,0.38183,1.4222127,0.919791459879786,-1.90000585557585,-2.27396898680602,10.9825520233284,0.000919736896849558,0.0428055564944752,chr6,84732774,84734272
RP11-532F12.6,0.648906,0.298114,0.510412,0.253932,1.049184,0.0,0.47755,0.114969,0.419133375,0.332013225899614,,0.236999,0.212411,0.0,0.0,0.0,0.105539,0.028523,0.0,0.0,0.0,0.0583472,0.0938053797874443,2.95723407180512,-3.76931186502612,14.8800317029002,0.000114569353120956,0.0141658251045559,chr15,41052795,41053072
RP11-545G3.1,0.264506,0.059154,0.448484,1.756184,0.315642,0.0,0.570337,0.0,0.426788375,0.576505530801852,,0,0.0,0.083411,0.0,0.0,0.0,0.0,0.0,0.0,0.0,0.0083411,0.0263768741912305,4.81806311530987,-3.57364007771711,22.5341609894589,2.06439618077199e-06,0.00196501103804566,chr7,149737610,149773744
RP11-54O7.3,1.758431,0.260707,0.431994,1.877422,0.224071,0.063663,0.643977,0.16302,0.677910625,0.726087368549098,,0.141652,0.273162,0.228968,0.261018,0.151166,0.200257,0.500857,0.448425,0.208359,0.068301,0.2482165,0.13420566312546,1.53331256507792,0.170910598007609,12.8381904485279,0.000339615889941074,0.0249584570108376,chr1,852245,856396
RP11-560I19.1,1.099975,0.927944,2.348848,2.149535,0.675815,0.485139,1.351383,0.225236,1.157984375,0.760661670715313,,0.612329,0.725616,1.207189,0.671845,0.192684,0.327453,0.6581,0.467347,0.0,0.0,0.4862563,0.371417090497118,1.63416881858693,-1.90644584523288,12.4479737523098,0.000418445523768172,0.0279435749592781,chr7,121856401,121858491
RP11-561O23.5,0.699486,0.081555,0.295491,0.803565,0.071381,1.12056,0.838782,0.025963,0.492097875,0.423701420400343,,3.284175,11.685278,2.503699,10.033573,0.861616,0.521651,1.369883,0.506944,2.355258,0.757071,3.3879148,4.06559311747766,-2.07263900665199,1.61426415916683,13.310588981142,0.000263911449707855,0.0220434115822813,chr9,70921444,70945542
RP11-561O23.9,0.7121,0.102023,0.3398,0.782606,0.068087,1.074574,0.742027,0.029444,0.481332625,0.396916447767731,,2.901187,10.500044,2.472809,9.896093,0.823625,0.536846,1.343855,0.76031,2.361066,0.757024,3.2352859,3.76449494616099,-2.11301233558416,1.67456787139618,13.9254782825226,0.00019020270920836,0.0183492150251452,JH636059.1,85985,109901
RP11-566K19.6,3.78114,3.476909,5.576762,2.298874,8.016737,1.869588,7.104822,1.858855,4.247960875,2.3936495799683,,8.677904,16.648138,16.894347,21.826826,13.488494,5.086559,16.919915,8.503329,13.767321,10.541516,13.2354349,5.05078440775781,-1.23333777182935,1.76167766017209,12.7012733752491,0.000365406663920319,0.0261931822419541,chr15,23095170,23115256
RP11-575L7.8,4.161621,5.97503,7.631479,4.385704,8.266881,4.580243,7.161717,1.899423,5.50776225,2.13903615342537,,4.039894,2.551439,3.770866,4.21121,0.425293,1.437649,4.006938,3.92562,3.640346,1.195511,2.9204766,1.40979067392875,1.42258039838174,0.175617305560388,14.6118294518372,0.000132082824323059,0.014899837168507,chr9,86587148,86590692
RP11-585P4.5,0.483803,0.94004,1.659476,1.3427,3.81799,0.129966,0.832515,0.202948,1.17617975,1.19136547779006,,0.269926,0.44235,0.443541,0.600012,0.046041,0.35552,0.579968,0.576113,0.634814,0.215111,0.4163396,0.193773875177113,1.84806116011471,-1.16903232891157,14.2580575744218,0.000159377018203625,0.016569123651249,chr12,75877904,75883600
RP11-586D19.1,2.019181,0.707885,0.745967,1.205655,1.037521,1.034288,1.904728,0.065146,1.090046375,0.639317636075468,,2.485744,4.913771,3.939831,5.408311,2.84876,1.279059,2.659697,2.72748,2.54816,3.024213,3.1835026,1.23165747463644,-1.27565549777077,1.77816098860167,14.9055821935759,0.000113028034299483,0.0140090953855251,chr4,6202460,6240044
RP11-594C13.1,0,0.0,0.0,0.0,0.0,0.0,0.0,0.0,0,0,,0,0.0,0.0,4.266144,0.0,3.817475,0.235751,0.0,0.284266,1.18764,0.9791276,1.65774498427165,-7.25534448798305,-2.3760259151898,18.7369521759887,1.5004648559042e-05,0.00570267277348988,chr14,87819414,88039366
RP11-616K22.2,0.079169,0.0,0.081942,0.021555,0.0,0.0,0.273974,0.0,0.05708,0.0944484601901255,,0,0.0,0.0,0.0,0.0,0.0,0.0,0.0,0.0,0.0,0,0,3.9733588823786,-4.58576225861852,10.4806227951806,0.00120633084123305,0.0497601067106712,chr15,44679518,44682649
RP11-627D16.1,0,0.189626,0.0,0.879686,0.286485,0.0,0.0,0.0,0.169474625,0.307549286536989,,0,0.0,0.0,0.0,0.0,0.0,0.0,0.0,0.0,0.0,0,0,5.06341762401512,-4.1517087455086,12.0419029157323,0.000520178415872382,0.0313415241122566,chr15,46985486,47097042
RP11-629P16.1,0,0.0,0.079183,0.0,0.152532,0.029911,0.080391,0.0,0.042752125,0.056405908731615,,0.221505,0.30718,0.479031,0.335512,0.170866,0.515914,0.250551,0.52626,0.179023,0.216358,0.32022,0.139045312269059,-2.26662398101213,-3.47040103636099,12.4245650333517,0.000423723215166299,0.0281631713047563,chr2,132837863,132838328
RP11-638F5.1,0.134328,0.0,0.0,0.0,0.0,0.071056,0.0,0.0,0.025673,0.0504552748028248,,0.447409,0.221818,0.277668,0.613039,0.225234,0.387537,0.332068,0.215939,0.158112,0.080857,0.2959681,0.154802583396797,-3.18802952047706,-1.85108418420198,18.3970461954374,1.79335768535483e-05,0.00622082042088235,chr12,131649556,131697476
RP11-64B16.4,1.104913,3.493198,2.124918,10.530255,2.247159,0.0,0.341297,0.0,2.4802175,3.48013112050932,,0,0.49381,0.848481,0.0,0.056811,0.0,0.0,0.785549,0.157339,0.0,0.234199,0.34324382158298,3.59823901343485,-1.16856261909954,13.4687311056968,0.000242572303119824,0.0210078328699944,chr12,119619853,119621064
RP11-674P19.2,0.149563,0.009321,0.119526,0.068264,0.061115,0.027122,0.0,0.0,0.054363875,0.0563529809718236,,0,0.027686,0.0,0.019972,0.0,0.0,0.0,0.0,0.0,0.0,0.0047658,0.0102103807938566,3.43350460594745,-3.97186898253407,12.5494818899626,0.000396316170321529,0.0272697307522939,chr18,66879514,66881587
RP11-675F6.3,1.06805,0.330304,0.801004,0.498767,0.63932,0.63308,0.64179,0.0,0.576539375,0.316778653843855,,1.982949,1.428035,4.339008,4.961995,1.458286,2.44959,2.760762,1.246655,1.119379,2.569485,2.4316144,1.3102407262057,-1.69777969695248,-1.36204316471968,17.4451242229296,2.95721812336549e-05,0.00775297708833631,chr8,38401170,38410198
RP11-677I18.3,0.745791,0.31259,1.111201,0.682213,0.803063,0.418845,0.462898,0.080551,0.577144,0.323030676929341,,0.186261,0.322787,0.808332,0.259694,0.032984,0.152959,0.248781,0.128436,0.087188,0.11197,0.2339392,0.219965131232101,1.6548219524967,-2.15652489051269,15.2155375231494,9.59110373036569e-05,0.012993651032222,chr11,105956717,105972702
RP11-708H21.4,0.118319,0.0,0.0,0.026716,0.042991,0.0,0.0,0.030682,0.0273385,0.0405737300021296,,0,0.0,0.0,0.0,0.0,0.0,0.0,0.0,0.0,0.0,0,0,4.32500019750737,-4.5458759813372,10.8596158559827,0.000982840800521019,0.0443660555376667,chr17,47249257,47250608
RP11-71N10.1,2.74725,2.788518,6.449963,2.291689,2.370471,0.706951,1.013822,0.556918,2.36569775,1.88459070216182,,0.966182,2.075026,1.166279,0.491371,0.709184,3.888908,0.619189,0.737426,1.264908,0.303551,1.2222024,1.06191549241121,1.39902260429657,0.830950043430499,12.9919348064747,0.000312835543716419,0.0238754231874894,chr3,147657791,147724542
RP11-731K22.1,0.022868,0.032652,0.142832,0.0,0.464804,0.0,0.012204,0.027354,0.08783925,0.159106498644102,,0,0.016284,0.0,0.0,0.0,0.0,0.0,0.0,0.007086,0.0,0.002337,0.00538273332053521,4.4523762446954,-3.79722216036805,15.4105647001333,8.65033199239769e-05,0.0123346933905874,chr7,73400322,73403097
RP11-731K22.1,0.022868,0.032652,0.142832,0.0,0.464804,0.0,0.012204,0.027354,0.08783925,0.159106498644102,,0,0.016284,0.0,0.0,0.0,0.0,0.0,0.0,0.007086,0.0,0.002337,0.00538273332053521,4.4523762446954,-3.79722216036805,15.4105647001333,8.65033199239769e-05,0.0123346933905874,JH159134.2,1515228,1518003
RP11-762I7.5,0.261402,0.052802,0.171689,0.330744,0.462964,0.007245,0.064456,0.0,0.16891275,0.169148437525616,,0.316121,0.19937,0.227045,4.721419,0.068026,0.324431,5.210981,0.142077,0.355796,0.125638,1.1690904,2.00671294583379,-3.23433864504671,-0.715078803334417,12.9411789877998,0.000321432508997707,0.0242437852844188,chr12,56151059,56221330
RP11-792D21.2,37.654912,23.593901,24.964593,105.895207,19.935058,1.621059,11.264004,1.528242,28.307122,33.6589889573953,,11.14741,8.995785,12.595208,4.205748,1.159219,13.891522,5.620831,10.953146,18.935174,1.539671,8.9043714,5.72938720572912,1.83678007575864,4.26314677258959,14.9197689478004,0.000112181255423562,0.0139927583995174,chr4,79567057,79603853
RP11-826N14.2,4.116787,1.356318,1.095591,0.669852,2.58307,2.631922,2.679023,0.474437,1.950875,1.25304017021232,,5.2502,5.699469,7.779141,12.710312,4.381301,7.082342,5.609341,3.005944,7.014537,9.473717,6.8006304,2.7576296171125,-1.40163601616964,2.12111718105643,15.4806556589904,8.33539528795653e-05,0.0121032076861972,chr5,175476681,175489024
RP11-849H4.4,1.278853,0.47525,1.397411,0.94472,0.851371,0.501101,0.892582,0.216314,0.81970025,0.405452499559179,,0.399029,0.573971,1.254998,0.505346,0.139301,0.420893,0.240507,0.368369,0.601315,0.235562,0.4739291,0.312718848073349,1.19418327848176,0.764712666236614,15.3336934359895,9.00952031801186e-05,0.0125975339774986,chr11,71725337,71731956
RP11-862L9.3,0.018909,0.306575,0.253125,7.138713,0.563361,0.0,0.092165,0.0,1.046606,2.46930986288413,,0,113.029,0.143919,0.610213,10.432967,79.464518,0.806297,0.140645,61.318901,0.0,26.594646,42.0149839568407,-4.40656682275303,2.07143915870952,10.9335151386028,0.000944401435780797,0.0434905316294312,chr18,74686646,74696118
RP11-863P13.4,1.298347,0.119793,0.346404,0.702437,0.101268,0.485307,0.620594,0.218679,0.486603625,0.396041046301278,,1.831095,2.083382,3.529615,4.319032,1.657521,0.359141,0.749254,1.907376,1.266485,0.893173,1.8596074,1.2338637260077,-1.50025085295636,1.21989441877928,12.6554280379934,0.000374476849377467,0.0265325176778943,chr16,88121647,88134591
RP11-867G23.10,0.751438,0.403992,0.582953,0.124366,0.711289,0.418345,0.804553,0.078287,0.484402875,0.277843611801129,,1.389174,2.119651,2.790721,3.906342,1.586223,7.309846,1.63534,1.246269,1.625881,0.435661,2.4045108,1.96254934064524,-1.86082131104769,-0.641696251394528,15.8814993445572,6.74347028019035e-05,0.0110487300256216,chr11,66176629,66184608
RP11-87E22.2,0.383794,0.043098,0.169151,0.616434,0.090629,0.535524,0.327925,0.0,0.270819375,0.231006343152203,,0.789928,0.201154,2.129932,6.691718,2.417037,0.089887,1.487713,0.61385,0.418333,1.681154,1.6520706,1.94731459579073,-2.21262517114628,1.14647562144696,11.2956136870222,0.000776904173749173,0.0390365786078343,chr8,22735485,22745535
RP11-881M11.4,0.301335,0.108242,0.0,0.681879,0.33799,0.371618,0.174291,0.0,0.246919375,0.2275456601375,,0.842867,0.156312,1.091451,4.130033,1.630663,0.717558,0.462175,0.628481,0.661413,2.214169,1.2535122,1.17345286560094,-2.08418663801772,-1.11238647814021,11.0363818401369,0.000893410570066846,0.0419162776904022,chr11,60685941,60692869
RP11-893F2.14,1.066326,1.120453,1.653307,0.915315,0.39094,0.473099,0.43023,0.424672,0.80929275,0.457657781570388,,0.397617,0.394757,0.750182,0.49622,0.084959,0.380678,0.378192,0.405181,0.344618,0.23683,0.3869234,0.169976185390908,1.59323854284094,-0.421431894627853,19.0823888292018,1.25194848099034e-05,0.00535360195536712,chr17,48240884,48242677
RP11-936I5.1,0.079696,0.055432,0.071819,0.269218,0.051104,0.033124,0.049631,0.050852,0.0826095,0.0767405682059459,,0.015031,0.0,0.046807,0.031777,0.0,0.021293,0.049207,0.017032,0.050685,0.027023,0.0258855,0.0188267962474884,1.96562680060906,-2.69903022771519,12.3858654671443,0.000432596077538573,0.028423878722733,chr17,75369900,75373318
RP11-93B14.4,0,0.0,0.0,0.0,0.0,0.0,0.0,0.0,0,0,,0,0.0,0.17931,0.137829,0.36677,0.660046,0.0,0.0,0.0,0.152402,0.1496357,0.216191223692797,-5.38179857227665,-3.73866370856928,12.1520660204219,0.000490335175804032,0.0303135269329765,chr20,61363918,61366699
RP11-946L20.1,0.147867,0.627366,0.737141,0.194703,0.090361,0.153529,0.22043,0.14232,0.289214625,0.247316655520776,,0.097455,0.076258,0.174563,0.0,0.045959,0.123664,0.240867,0.171573,0.066171,0.038204,0.1034714,0.0741013283959501,1.94796273458371,-2.23215105971166,11.9668300712285,0.000541559933406031,0.0318943070361964,chr8,111945492,111946762
RP11-983P16.4,26.566076,16.593754,46.816597,49.797501,16.435007,9.809135,7.995885,7.866139,22.73501175,16.9443912187291,,11.029252,14.097316,22.949823,10.429961,6.036943,19.446209,11.818294,10.103793,11.604996,4.923283,12.243987,5.49725267430964,1.25242409933322,3.98960226751882,21.071287106741,4.42509375567952e-06,0.00292049652284078,chr12,53408380,53448222
RP13-143G15.3,0,0.0,0.075457,0.0,0.0,0.0,0.0,0.0,0.009432125,0.0266780781939967,,0.098199,0.17016,0.231009,0.192126,0.116583,0.089434,0.056819,0.08045,0.152191,0.185638,0.1372609,0.0571389004492075,-3.72849426550258,-3.4460523784417,24.0055615530098,9.60578332712887e-07,0.00134085861799513,chr6,136364990,136393965
RP13-514E23.1,20.181099,5.11043,6.747627,8.760189,8.371835,15.375845,14.355264,0.512069,9.92679475,6.32652749384049,,25.737343,33.679386,35.560669,56.416069,20.7395,14.854542,26.675106,12.417193,14.1745,30.114624,27.0368932,13.1590662341661,-1.11101657191651,4.18683861333821,10.6349602518124,0.0011096966914107,0.0477152725420628,chr4,86933449,86935027
RP13-895J2.3,0.021902,0.0,0.0,0.0,0.0,0.0,0.0,0.0,0.00273775,0.00774352636077388,,0,0.167064,0.279182,0.479542,0.104,0.0,0.128516,0.229352,0.213652,0.130534,0.1731842,0.140833562961391,-3.82941141915672,-4.04199821030536,14.9058686466108,0.000113010873015173,0.0140090953855251,chr12,132853935,132855447
RP13-895J2.3,0.021902,0.0,0.0,0.0,0.0,0.0,0.0,0.0,0.00273775,0.00774352636077388,,0,0.167064,0.279182,0.479542,0.104,0.0,0.128516,0.229352,0.213652,0.130534,0.1731842,0.140833562961391,-3.82941141915672,-4.04199821030536,14.9058686466108,0.000113010873015173,0.0140090953855251,GL383548.1,51388,52900
RP3-359N14.1,0.01747,0.024248,0.001404,0.025552,0.0,0.027969,0.0,0.0,0.012080375,0.012888663922084,,0,0.0,0.0,0.0,0.0,0.0,0.0,0.0,0.0,0.0,0,0,3.77158361681236,-4.68503368941025,11.5626695192155,0.00067289175232163,0.0355127558641394,chr6,106114201,106115873
RP4-740C4.6,1.130189,0.290772,0.82251,0.984027,0.675896,0.361116,0.832675,0.138382,0.654445875,0.35457208493758,,2.300169,1.627683,2.124232,2.931731,1.011384,3.184367,1.712574,1.425639,0.998007,1.162499,1.8478285,0.773067836329495,-1.21537517270292,0.920673987794545,16.5897896482472,4.64001527763495e-05,0.009247585784586,chr1,2281853,2284259
RP4-751H13.7,0.339116,0.58951,0.443616,0.993403,0.502017,0.18506,0.840576,0.152554,0.5057315,0.29668660311225,,0.219793,0.48036,0.523444,0.422713,0.159951,0.398922,0.439934,0.179614,0.272056,0.179561,0.3276348,0.139471936618725,1.05394958143327,0.159113565375638,10.5016922337768,0.00119265267545556,0.0495879062836806,chr7,149555489,149559581
RP4-773A18.4,0.754065,0.190163,0.493491,0.439004,0.295424,0.0,0.704281,0.0,0.3595535,0.290342453401398,,0.817261,1.988147,1.165925,2.499766,1.138238,0.536586,0.678217,0.75516,0.877805,0.756051,1.1213156,0.633445462480341,-1.51109018621136,-0.0691254423013172,10.9246244764554,0.000948944361648594,0.0435829442463895,chr1,112282463,112290420
RP4-814D15.1,0.126368,0.0,0.0,0.071167,0.0,0.0,0.061756,0.072205,0.041437,0.0482919382831426,,0,0.0,0.0,0.0,0.0,0.0,0.0,0.0,0.0,0.0,0,0,4.31862577621736,-4.56705605920008,10.660898358785,0.00109424233269254,0.047410749088023,chr7,156990294,156991205
RP5-1039K5.16,1.443596,4.612376,4.427915,1.459074,2.38897,0.43268,2.259293,0.127412,2.1439145,1.66207199498973,,0.662397,1.225974,1.875978,0.814524,0.136337,1.483384,1.163021,0.858522,1.406,0.190175,0.9816312,0.558790656466226,1.57084897720086,0.110769410223954,11.1323101248154,0.000848368668503637,0.0407830859516876,chr22,38428172,38430235
RP5-1061H20.5,0,0.301318,0.246503,0.0,0.0,0.197987,0.0,0.0,0.093226,0.131598101209706,,0,0.0,0.0,0.0,0.0,0.0,0.0,0.0,0.0,0.0,0,0,5.29532818063451,-4.09987735942572,12.1658600554443,0.000486722168293764,0.0302553124789325,chr1,229359208,229363309
RP5-1184F4.5,1.097401,0.902811,1.822104,0.447794,0.648571,0.216148,0.495477,0.093402,0.7154635,0.556317052741125,,0.277503,0.33135,0.937216,0.499199,0.062927,0.270163,0.300501,0.355988,0.299679,0.108872,0.3443398,0.241364640601357,1.44278984094828,-1.50621985220966,12.0963813995249,0.000505197723557329,0.0308950776321036,chr20,31037558,31041410
RP5-855F14.1,7.311242,2.418071,4.643104,19.577419,2.697973,1.387908,1.375138,0.337083,4.96849225,6.30031440130034,,2.18204,2.832881,3.372709,1.979772,0.544489,3.068725,0.809836,3.169994,2.110432,1.300099,2.1370977,0.998428155712551,1.32744889578148,2.45023113882886,11.7012718481004,0.000624573927458104,0.0342057107359224,chr1,234663637,234667525
RP5-857K21.11,265.387482,353.973511,267.877136,238.785065,521.00238,8880.485352,540.68866,130.14502,1399.79307575,3025.90917884538,,548.020752,250.71019,219.430557,166.514648,393.840637,436.860352,471.050873,104.860649,726.152893,320.791534,363.8233085,189.863275578551,2.64569793102732,8.71392289509941,14.696047900512,0.000126310979061155,0.0146262204683852,chr1,569756,570302
RP5-857K21.3,0,0.030836,0.150765,0.0,0.352989,0.0,0.086358,0.0,0.0776185,0.123948624188757,,0,0.0,0.0,0.0,0.0,0.0,0.0,0.0,0.0,0.0,0,0,4.09423752687206,-4.57952066922515,10.6052278442293,0.00112768360712698,0.0481959207456558,chr1,529833,532878
RPL23AP23,0.111432,0.065269,0.108967,0.229815,0.0,0.0,0.0,0.0,0.064435375,0.0829376132901584,,0,0.0,0.0,0.0,0.0,0.0,0.0,0.0,0.0,0.0,0,0,3.74825980937091,-4.65224420057946,10.5948591273425,0.0011340253941503,0.0482122552892922,chr1,235459180,235459650
RPRML,2.937008,0.867479,1.246565,0.851887,1.258877,1.086306,1.187516,0.106281,1.192739875,0.798522405103046,,1.719146,7.683531,6.44707,6.190147,3.722121,2.174863,3.845335,3.626832,1.898414,1.046427,3.8353886,2.26068810914018,-1.31632285754062,0.744574957341981,12.8795086197725,0.000332199450307033,0.0247021875615863,chr17,45055523,45056614
RSPO2,7.514801,2.09266,1.496898,6.755012,2.378325,5.223622,2.129295,0.360599,3.4939015,2.63683128542212,,10.445527,3.531038,21.565211,27.985621,10.531413,4.778812,21.507499,3.649642,9.307121,14.819447,12.8121331,8.46037588303201,-1.64564595689933,3.87162642251511,17.3741873493665,3.06966668431482e-05,0.00779516388637058,chr8,108911544,109095913
RTKN,29.544652,42.816836,108.602651,43.156581,46.557343,16.586345,24.223368,15.361788,40.8561955,29.9399723835989,,18.527108,38.841922,30.991812,15.982058,11.625008,49.830623,40.930715,32.834422,24.968569,6.563647,27.1095884,13.9711400560194,1.02385948843355,5.42908158029944,10.5302778978009,0.00117434552597791,0.0492242877798688,chr2,74652963,74669549
RTN1,474.084579,71.041839,156.805163,111.854422,194.814726,251.359839,259.017676,13.971449,191.618711625,142.217369160271,,324.482512,790.680177,851.903805,946.625499,357.937123,212.380036,361.74122,303.447113,326.349221,410.023732,488.5570438,265.875601646422,-1.15524173451271,8.86112069669557,12.4899946211313,0.000409137371776716,0.0276850231225191,chr14,60062694,60337684
RTN3P1,17.439806,14.76863,20.630531,16.62591,24.427849,17.468334,51.403069,2.158054,20.615272875,14.0060107074832,,47.394562,35.218166,48.23101,64.105835,51.571033,47.438019,65.404366,31.609549,42.510509,55.089108,48.8572157,10.9588210919637,-1.00322466256706,4.0281550313799,10.731794008733,0.00105310298015186,0.0464443708705334,chr4,146296695,146297405
RTN4RL1,3.390047,1.180707,0.709669,2.019343,1.320999,3.009566,5.284926,0.383194,2.162306375,1.64504100608082,,5.518537,10.816021,7.518418,17.379349,10.370784,2.966931,6.349372,8.876019,9.002935,4.680062,8.3478428,4.04906086502987,-1.58811140370212,3.61023904900279,19.4256540420085,1.04592624986721e-05,0.00512334702755534,chr17,1837971,1928639
RYR2,6.81106,2.134149,3.111857,3.02574,5.22402,5.694176,6.280287,0.319869,4.07514475,2.27369413714885,,6.988557,13.157582,15.276961,22.236613,6.446961,6.218301,8.357102,5.973063,7.191821,12.676714,10.4523675,5.32775855123201,-1.00721626950425,6.07729482944882,11.1348878304267,0.000847190532761044,0.0407830859516876,chr1,237205505,237997288
S100P,0.457655,0.070868,0.070552,0.310486,1.309503,0.0,0.0,4.707072,0.865767,1.61204193703115,,0.129471,0.473789,0.139202,0.286162,0.079399,0.254999,0.225344,0.172188,0.452356,0.0,0.221291,0.152457952023938,3.63346679810211,-0.10542018649381,14.0410868474614,0.000178859542422633,0.0177074073913484,chr4,6694796,6698897
S1PR3,8.557216,3.410799,1.365891,18.603802,3.6121,0.996234,1.53619,2.827803,5.113754375,5.95241643873854,,2.553279,2.339549,2.260206,2.714843,1.484012,1.831919,1.142087,1.851649,2.328495,1.651509,2.0157548,0.503268122782103,1.41005701791634,3.79351386459889,18.6042939710667,1.60857820262213e-05,0.00591507630105769,chr9,91606362,91619925
SAMD11,4.326987,1.085437,1.04731,7.889156,0.778892,0.0,0.910425,0.654797,2.0866255,2.67978912627388,,0.245357,0.576013,0.276621,0.298902,0.088178,0.524239,0.672447,1.679736,0.457811,0.071744,0.4891048,0.463879242260263,1.99050904632165,0.697716320482471,11.6611192152126,0.000638199343407626,0.0347170682556091,chr1,860260,879955
SAMD5,0.772406,0.30144,0.2819,0.248617,0.336289,0.279678,0.214472,0.114474,0.3186595,0.195234920862022,,1.125329,2.143156,1.531502,1.668266,0.840415,0.604161,1.023222,0.616572,0.533944,0.673238,1.0759805,0.542376482193412,-1.28921259139148,1.41621427007796,16.8586909789789,4.02685098287438e-05,0.00870682155270564,chr6,147830063,148058683
SAMD7,0,0.034612,0.0,0.028772,0.015909,0.101468,0.0,0.0,0.022595125,0.0348268214432395,,0,0.0,0.0,0.0,0.0,0.0,0.0,0.0,0.0,0.0,0,0,4.92518012238538,-4.38184741089286,12.2619461565772,0.000462289129382024,0.0291850291056573,chr3,169629360,169656963
SCDP1,0.364575,0.800227,1.472744,0.211148,0.464488,0.178672,0.648499,0.11554,0.531986625,0.447904904845385,,0.118241,0.510842,0.628306,0.361819,0.088788,0.145642,0.184337,0.189745,0.312772,0.188096,0.2728588,0.179005673085023,1.42338316819786,-1.67253239646053,10.5628610440845,0.0011538246991139,0.0486884790507608,chr17,20687958,20689038
SCG5,144.099627,40.338159,86.048939,43.905107,75.637886,69.988982,96.422696,8.473984,70.6144225,41.0947801436309,,176.13736,364.999758,344.972121,404.644418,153.670013,159.515446,177.073957,142.418289,124.239647,116.977158,216.4648167,109.665574767485,-1.21917540579546,6.67027180969336,22.8458401083332,1.75528823650078e-06,0.00191499677296906,chr15,32933877,32989299
SCN2A,23.781319,5.280152,8.353964,5.355342,16.103406,18.415091,29.66013,0.858541,13.475993125,10.1275866603299,,31.055948,43.290229,65.986071,80.88331,27.642163,21.462303,35.432272,25.321184,19.133048,39.939696,39.0146224,19.9887756043441,-1.16698935858083,7.14209361413803,10.496432286873,0.00119605263633872,0.0496199741708609,chr2,166095912,166248818
SCN2B,17.599327,4.053297,5.892049,6.269697,11.900033,12.042008,20.519096,0.902739,9.89728075,6.81396171517688,,28.265844,36.970985,46.167236,48.049934,24.809805,12.664886,40.427246,24.911814,20.338909,25.702415,30.8309074,11.5746121062988,-1.31717917424676,6.21701876047658,17.3102595890467,3.17468184283723e-05,0.00785061388987029,chr11,118032666,118047388
SCN4B,16.042408000000002,2.774378,4.459789,5.921576,3.956636,6.748117,10.287151,0.827796,6.377231375,4.81605857356365,,11.368366,35.121246,24.699674,34.441288,12.047698,5.996158,17.631821,13.510189,9.460737,10.14021,17.4417387,10.4547280744493,-1.09276862126854,4.96623079610907,13.6903674420958,0.000215557286746998,0.0195935691672484,chr11,118004092,118023603
SCN8A,9.507864,2.331638,3.909035,3.219153,5.921835,7.519614,12.862074,0.257822,5.691129375,4.1314132831212,,13.264905,20.405361,24.530784,35.023695,12.389886,8.346814,16.382261,11.004812,9.154389,14.556039,16.5058946,8.1965678647145,-1.1673475968901,6.23635044819873,11.0787838062771,0.0008732105331626,0.0414135630932399,chr12,51984050,52206648
SDR16C5,3.54232,0.457759,0.935033,0.213339,1.098886,0.638744,2.67089,0.066236,1.202900875,1.24528799550333,,3.748902,2.022462,8.3364,10.470851,4.070538,2.372205,3.828765,3.662734,3.401641,4.616209,4.6530707,2.66500948414564,-1.74316857510917,1.97092679716543,17.2189917115171,3.33089803048999e-05,0.00806091557985545,chr8,57212569,57233335
SEL1L3,12.109889,1.714944,4.087315,4.564682,2.426602,3.111043,5.7444,1.340869,4.387468,3.45371339341601,,8.308261,15.233017,20.785001,15.375011,7.350455,12.143632,9.919624,9.439099,5.419098,6.640271,11.0613469,4.81199455462663,-1.07280154787232,4.07097897292098,16.965836300221,3.80585232343394e-05,0.00851864075983163,chr4,25749055,25865382
SEPT10,17.206442,15.030187,33.605979,18.259283,9.334343,3.376757,8.292132,4.947574,13.756587125,9.72883990900057,,6.064003,17.82017,12.032066,5.726633,3.252666,8.820336,6.933469,7.197028,10.16409,3.12471,8.1135171,4.40863845720884,1.07505031331273,4.19483161402311,14.3462494431461,0.00015208235339115,0.0161998313980041,chr2,110300559,110371783
SERPINF1,31.470844,7.858895,15.577159,22.49099,17.364397,25.703924,30.706456,9.273914,20.055822375,9.0544905229793,,42.244834,47.228591,47.639519,103.352766,44.888373,86.392861,57.287683,45.784326,65.924615,44.842293,58.5585861,20.7874573699172,-1.17305639269118,5.03940952137965,17.7779501442167,2.48243572382287e-05,0.00720912064637772,chr17,1665253,1680868
SERPINI1,130.667282,31.524688,85.882029,20.469949,52.714973,62.779396,96.000184,5.911039,60.7436925,41.9442035469517,,144.664973,257.979987,340.991252,404.244518,126.835255,84.977729,138.053112,125.213727,125.109925,169.500037,191.7570515,106.401188253071,-1.31908801225515,7.15857840639668,17.473202802844,2.91386021599312e-05,0.0076844269766707,chr3,167453031,167543356
SFRP2,12.590784,11.66011,32.62109,66.476677,11.278995,0.894414,11.429554,4.158162,18.88872325,21.3790280984728,,1.572354,8.158075,24.717892,6.141503,2.303761,1.53774,8.316515,10.82098,1.514211,1.574321,6.6657352,7.2426190918474,1.83680296138302,3.8559302601032,14.6952268894742,0.000126366002500982,0.0146262204683852,chr4,154701744,154710272
SFRP4,1.582741,2.454365,4.105196,7.555561,3.380581,0.0,1.181998,0.551159,2.601450125,2.43360386022132,,0.686847,1.143347,1.32628,0.973681,0.693097,2.020327,0.551195,1.139357,1.064285,0.268985,0.9867401,0.485183204087888,1.76845629173712,1.53171374892687,12.3152051501654,0.000449283327782784,0.0287161010936922,chr7,37945543,38065297
SGK2,3.268605,5.036509,17.698269,4.088608,5.06877,1.181687,2.688012,0.8499,4.985045,5.37489940519746,,1.713494,4.140424,4.185963,2.338419,1.559649,3.37199,2.705631,3.121275,1.603524,0.795061,2.553543,1.15146637069801,1.26432481152446,2.26086304740549,13.0065227621627,0.000310407814915547,0.0237826504954314,chr20,42187608,42216877
SH2D1A,0.421133,0.395982,0.462918,0.672956,0.183506,0.105858,0.25549,0.275958,0.346725125,0.179634322319728,,0.082828,0.249515,0.16614,0.0,0.046365,0.1915,0.065714,0.110892,0.119317,0.01803,0.1050301,0.0791668066124377,2.23550841344907,-1.27878770012689,21.0447508349665,4.48680353683004e-06,0.00292049652284078,chrX,123480194,123507005
SH2D2A,1.003558,0.324579,0.47861,0.961233,0.273756,0.824015,0.47861,0.635605,0.62249575,0.280945659396337,,0.169605,0.309387,0.231505,0.209028,0.071449,0.808146,0.223529,0.113784,0.670355,0.0,0.2806788,0.259156818536919,1.77614970724777,-1.00428913694643,11.7453400334814,0.00060995763850193,0.0339322626293737,chr1,156776035,156786654
SH3GL2,104.912571,17.493155,26.642427,30.97147,30.561813,53.447234,84.402973,1.880315,43.78899475,34.9692294906879,,121.045795,121.290896,241.520654,336.185324,102.742893,71.914948,96.80188,88.703673,101.048557,145.167751,142.6422371,82.6636964907067,-1.40857268378587,7.17847193631796,15.1539909238313,9.90886434112079e-05,0.0130342323284792,chr9,17579080,17797127
SH3TC2,3.847804,7.435073,20.402953,5.674762,3.417655,1.492464,2.639222,1.244287,5.7692775,6.26457586561729,,1.499571,4.751079,2.981317,1.253975,0.981666,4.134312,3.120981,2.6563,2.332124,0.396537,2.4107862,1.3988871794433,1.58555782805774,3.79935409727307,16.6412121184247,4.51590445898985e-05,0.00924192602102086,chr5,148303202,148442726
SHISA9,6.481869,2.346779,4.205121,2.159447,4.008308,4.859773,11.328933,0.575827,4.495757125,3.30656966506198,,11.314804,6.945554,18.018047,19.965166,10.14104,10.161424,12.9736,10.441457,7.116645,13.751629,12.0829366,4.25228434913116,-1.08038550883898,4.9979523795722,12.0739477036974,0.000511313155963917,0.0310051657594682,chr16,12995477,13334272
SHROOM4,2.912171,5.055295,14.735879,4.692634,4.09302,1.404714,3.931932,1.011246,4.729611375,4.30047577151917,,2.713102,4.251425,4.802886,1.860933,0.905192,3.571619,2.181282,2.493914,3.176299,1.166934,2.7123586,1.26497580746635,1.20127662896949,3.41161020678231,14.7785733604062,0.000120901468489847,0.0144441545550876,chrX,50334647,50557302
SHROOM4,2.912171,5.055295,14.735879,4.692634,4.09302,1.404714,3.931932,1.011246,4.729611375,4.30047577151917,,2.713102,4.251425,4.802886,1.860933,0.905192,3.571619,2.181282,2.493914,3.176299,1.166934,2.7123586,1.26497580746635,1.20127662896949,3.41161020678231,14.7785733604062,0.000120901468489847,0.0144441545550876,JH806587.1,304762,527417
SIX2,0.669463,0.14258,0.097668,0.330644,0.179282,0.0,0.062699,1.327268,0.3512005,0.446950536105667,,0.099601,0.058732,0.030972,0.16183,0.191964,0.234043,0.132429,0.069685,0.0,0.0,0.0979256,0.0807214220268972,3.0341382967173,-0.805534359558374,12.7698204248664,0.00035225665192681,0.0254834603286777,chr2,45232300,45236569
SIX3,0.049069,1.55426,0.979338,0.369323,7.000962,0.0,1.498136,0.074706,1.44072425,2.33518444609553,,0.194942,0.159955,0.0,0.0,0.0,0.060612,0.0,0.775653,0.0,0.0,0.1191162,0.241985464512414,3.90995056288358,0.49974914062671,10.6297101815955,0.00111285154160337,0.0478146205989812,chr2,45168902,45173216
SIX5,2.543316,1.263968,1.536535,5.444538,1.444373,0.801043,1.4765,0.840006,1.918784875,1.52267000595912,,1.383924,0.919123,1.534781,1.333829,0.480269,1.650718,0.99452,0.825924,1.682359,0.614177,1.1419624,0.433102235844353,1.12901088644721,1.63139275012495,13.1350015600243,0.000289830033809407,0.0231544134660983,chr19,46268043,46272484
SLA2,0.287664,0.128613,0.164814,0.630661,0.128794,0.263647,0.263625,0.119009,0.248353375,0.169247308035935,,0.085799,0.294255,0.109625,0.158881,0.063149,0.138575,0.0,0.114674,0.149537,0.097071,0.1211566,0.0764083441403272,1.44941794186643,-1.46665889180128,10.900085702063,0.000961598109638462,0.0438088007648564,chr20,35240721,35274619
SLC17A7,236.440078,82.589762,61.762044,92.67718,84.040987,306.020334,445.996073,19.762186,166.1610805,148.452457567388,,473.32124,595.333738,487.693768,870.641929,610.262137,433.312037,530.805413,373.890411,531.953231,631.013365,553.8227269,137.437435203666,-1.40175101919597,9.47004898333249,12.0237424859422,0.000525271254907365,0.0315101545488868,chr19,49932658,49945617
SLC1A7,15.515855,1.32746,0.620135,0.658697,0.081263,2.628913,0.528835,1.649373,2.876316375,5.16934195125461,,0.472553,0.283976,0.458412,0.599973,0.068841,1.144515,0.130476,1.768973,1.767935,0.097431,0.6793085,0.654513184735418,2.3660985755703,1.47945115133766,12.8578770201453,0.000336061633134376,0.0248120394038678,chr1,53552855,53608289
SLC25A48,10.32554,13.074608,17.513135,32.575185,62.746573,4.496091,13.550075,3.322021,19.7004035,19.6125147910711,,11.272536,11.559383,10.763348,19.868602,7.797335,9.189107,12.16047,16.726594,6.170269,4.088926,10.959657,4.68858219064913,1.3168510032129,3.0990465781593,11.7320297645816,0.000614335530969071,0.0340576906724094,chr5,135170338,135224326
SLC26A4-AS1,20.910763,8.090083,11.921231,6.006344,4.43085,13.567991,17.698086,1.956294,10.57270525,6.62696595455856,,28.520877,31.184287,51.433007,63.515474,31.450403,14.430187,30.877001,23.064138,27.810207,34.053241,33.6338822,14.0191224276019,-1.42177032504046,5.21404346537365,16.6722046959491,4.44271984092463e-05,0.00919750001192825,chr7,107294421,107302596
SLC27A2,1.492626,0.590259,1.276356,0.995821,1.59326,0.795349,3.902618,0.174505,1.35259925,1.13344109590974,,3.259679,5.700381,5.041699,4.788237,2.525931,1.643811,3.885358,3.720695,2.450311,3.202899,3.6219001,1.27230306713477,-1.11718663197431,1.86353631141773,11.5705476600762,0.000670046806625825,0.0354286466969317,chr15,50474393,50528592
SLC31A2,2.428557,6.1608,29.637008,3.134848,3.084544,1.342627,1.095282,0.669274,5.9441175,9.72726086376862,,1.104381,4.574492,3.333821,1.055737,0.772904,3.74692,1.948147,3.211597,0.814671,0.312269,2.0874939,1.50206866869583,1.90533466669403,1.83980158712954,11.996856479745,0.000532903633922067,0.0316458089636238,chr9,115913222,115926417
SLC35F3,5.799641,1.047243,1.830171,2.186518,1.941376,3.791059,2.418633,0.368281,2.42286525,1.69145828565352,,4.894832,8.431323,9.833098,20.28571,4.53256,6.567174,3.85517,3.482017,3.105499,4.713021,6.9700404,5.16340914670447,-1.0399856596289,2.99826181305076,10.576734068064,0.00114519796227032,0.0485525255197158,chr1,234040679,234460262
SLC45A3,6.231042,13.244078,34.760088,10.474238,10.153297,2.351493,6.456015,3.797079,10.93341625,10.2859476726388,,2.705853,8.521634,6.014261,1.793128,2.076748,15.22276,4.864055,5.439222,4.81793,0.808635,5.2264226,4.20749871961029,1.42484589781367,3.90889256362414,12.6530233267589,0.000374958824972125,0.0265325176778943,chr1,205626979,205649587
SLC4A10,21.296164,3.616894,7.191862,3.172883,9.044515,10.124866,25.269738,0.325248,10.00527125,8.86837539112662,,25.086168,46.364513,60.716632,95.523816,21.997384,12.136054,24.61275,22.065518,12.914066,33.684566,35.5101467,25.832481432593,-1.48476896085613,6.20387129478517,12.8814755358917,0.00033185049775279,0.0247021875615863,chr2,162280843,162841792
SLC6A9,13.976931,15.165413,26.599743,16.158676,9.875868,3.803345,9.235449,3.349705,12.27064125,7.53995679837773,,4.360392,12.341086,6.210208,6.706313,3.498242,10.029744,6.969893,14.494565,6.81163,3.946389,7.5368462,3.65595111881898,1.0077104489829,4.14288592643944,13.4823905380148,0.000240812802506132,0.0210078328699944,chr1,44457172,44497139
SLC7A14,5.658325,2.217481,4.056936,3.36675,4.215338,2.856301,5.302134,0.20824,3.485188125,1.75819825132983,,6.583554,9.966627,13.420702,24.052589,6.985337,8.047111,6.133816,5.477739,4.243016,7.759906,9.2670397,5.79212536714928,-1.07933533738104,5.26895346421666,14.9497607157293,0.000110412064795985,0.0139565286101157,chr3,170177372,170303863
SLC7A4,1.866548,0.514797,0.787598,0.649519,1.337438,0.509128,3.236852,0.13597,1.12973125,1.00885449791176,,2.684482,7.488675,7.555079,9.065372,2.987525,0.977862,4.396735,5.442787,1.487354,1.494889,4.358076,2.90406352449487,-1.56719624942323,1.90142700688083,15.3792599891375,8.79483386641615e-05,0.0124169653861145,chr22,21383007,21387129
SLPI,43.743771,4.598328,4.337187,6.007789,5.117091,2.68943,2.28792,85.124451,19.238245875,30.0321503836587,,22.818314,7.232652,3.219259,7.023374,1.231317,5.73592,27.353003,2.907172,4.260678,1.927021,8.370871,9.0975297961886,2.66955521479404,3.29406667648526,12.1002441185588,0.000504152219732513,0.0308644714067378,chr20,43880880,43883205
SMIM5,1.161783,1.684279,5.641148,3.22921,1.776163,0.449904,0.428595,0.458397,1.853684875,1.80074161864823,,0.377054,1.729142,0.867589,0.283323,0.30436,2.09051,0.443323,0.654836,0.697644,0.317009,0.776479,0.633447567913697,1.54710921317483,1.37446241079471,14.8650957721145,0.000115480135072655,0.0142042471627734,chr17,73629514,73637484
SMOC1,32.512246,26.591062,49.020238,29.104346,27.104438,16.181781,21.832562,16.259841,27.32581425,10.5432456440105,,15.689979,19.678989,35.493773,18.277575,8.551367,19.086241,23.756622,37.74324,8.505672,5.16702,19.1950478,10.8944501558011,1.06542468258934,5.78986543109644,14.3340573325635,0.000153070424256239,0.0162122047734348,chr14,70320848,70499083
SMYD2,13.100948,4.014821,7.59599,7.237498,8.313084,10.776528,11.421872,3.580169,8.25511375,3.40538512015731,,29.961677,21.869048,23.224447,51.346147,29.929715,28.219824,22.770152,13.805682,28.764501,30.741853,28.0633046,9.71796432941064,-1.26221390541626,4.84698843478805,26.3925697539623,2.78610181670809e-07,0.000685974607732011,chr1,214454445,214510474
SNAI1,3.198893,1.790641,2.392903,3.662713,3.663052,1.069108,1.351826,1.032416,2.270194,1.12152795804397,,0.820121,1.106028,1.283506,0.945256,0.501578,1.840417,1.134049,1.51602,2.267467,1.205601,1.2620043,0.508617274019156,1.20153903420061,1.00866208166666,12.8155949076657,0.000343742091450467,0.0250639339535198,chr20,48599536,48605423
SNAP25,1001.258905,251.956619,291.858814,262.822025,525.657439,707.252499,1127.989568,37.637787,525.804207,388.917345807192,,1596.635479,2658.443396,2569.890606,3496.200094,1491.181733,1199.178957,1696.908903,1190.952538,1491.164435,1966.64749,1935.7203631,747.215598230913,-1.5444722659304,10.6210499675956,16.7732820558915,4.21222306805403e-05,0.00901017798016366,chr20,10199478,10288066
SNAP25-AS1,2.750927,1.147548,1.922744,1.407355,1.730577,1.218046,1.858095,0.309629,1.543115125,0.711070018942768,,5.075246,4.683194,4.33354,9.84485,3.519264,3.139047,3.303575,2.529755,4.032651,3.714197,4.4175319,2.05087581113373,-1.0219737097608,1.39201427322571,10.9821755475054,0.000919923753797107,0.0428055564944752,chr20,10002620,10349424
SNAP91,56.738819,12.170588,24.410372,18.490306,23.376912,24.429587,48.839924,2.514014,26.37131525,18.0338867737449,,59.294372,100.926407,157.507386,195.206137,54.976774,40.711321,57.859377,48.513099,37.918711,57.006688,80.9920272,53.8388199342561,-1.25779964435745,7.08613132328321,17.3881533746607,3.04719315990505e-05,0.00778086597675802,chr6,84262599,84419410
SNCA,112.552506,48.397774,68.130735,48.285925,51.872678,68.212563,132.248296,11.164206,67.608085375,38.4984096881739,,152.303228,189.343034,213.967699,357.305311,160.127897,159.31728,113.096383,105.200254,151.055018,192.808636,179.452474,70.9757611154437,-1.14606425396337,7.26539771192459,19.2732587591594,1.13281887031787e-05,0.00525822949239596,chr4,90645250,90759466
SNHG18,3.761013,1.738487,4.479718,2.976278,2.563939,0.841291,1.487472,1.078832,2.36587875,1.30781207845904,,0.661836,0.923876,1.739199,0.744506,0.656411,2.708114,1.534926,0.663552,1.613167,0.631614,1.1877201,0.693316159679206,1.32588773473349,0.988638209729839,14.0730205237958,0.000175848154188731,0.0175477700006122,chr5,9546312,9550721
SNORD14E,7.343026,10.363426,16.728994,33.930859,9.042049,1.440678,2.58157,0.352016,10.22282725,11.0003643336065,,2.061839,4.321561,5.684143,2.280769,1.824856,3.467149,1.496639,2.451209,3.19176,2.562723,2.9342648,1.27775044461957,1.93085088049135,-1.4822440173377,16.6105684000709,4.58945699989075e-05,0.009247585784586,chr11,122928785,122928869
SNX10,52.472313,15.963631,20.842344,14.068375,33.487028,29.76242,50.318458,1.683074,27.324705375,17.7657377969952,,64.41049,119.905486,113.676578,148.759181,61.853695,71.696826,59.24483,43.251709,52.918189,71.228802,80.6945786,34.4518933141613,-1.22574474960758,6.3854906908881,15.7698014269871,7.15352544890534e-05,0.0113472546959681,chr7,26331541,26413949
SNX18P3,0.975661,0.850572,2.203229,0.672327,0.392496,0.294507,0.574447,0.224552,0.773473875,0.6343426848313,,0.186812,0.532786,0.970581,0.669196,0.312059,0.332824,0.279791,0.382109,0.195406,0.188277,0.4049841,0.252666635042412,1.32461957914302,-0.695982474219184,12.6094291395558,0.00038380570398035,0.0267996710366254,chr9,38566257,38568208
SOWAHB,1.088516,0.177612,0.235537,0.093313,0.388627,0.833351,0.756869,0.015676,0.448687625,0.394359276907288,,1.328092,1.026959,3.569149,6.114366,1.958705,0.876197,2.725458,1.176501,0.649921,1.640057,2.1065405,1.66987515085505,-1.81163352945251,1.20791306260692,13.2671956097999,0.000270090940875257,0.0223938212164347,chr4,77816082,77819002
SOX10,30.685162,62.679647,104.873798,39.563939,53.118911,26.640891,46.938141,18.338513,47.85487525,27.2141489678065,,15.103458,33.540216,28.908266,16.619542,22.738766,57.871477,38.186077,42.055972,34.293749,12.36266,30.1680183,14.0862479841518,1.10146494100067,6.16184045739136,13.1480151250637,0.00028782398099501,0.0231266768111987,chr22,38366693,38383429
SOX2-OT,70.380257,119.985655,342.493824,97.571237,84.491507,23.02601,54.96287,18.752084,101.4579305,103.415928645243,,38.449153,92.213125,104.961032,50.157584,30.195612,75.88226,66.523787,70.211206,53.899864,25.749027,60.824265,26.05851303472,1.0997761498787,7.2982270812893,11.3013452887636,0.000774509520686685,0.0389863996861923,chr3,180707558,181554668
SOX8,14.676502,27.297363,67.493097,21.349416,12.582313,8.501799,10.899296,6.138143,21.117241125,19.9686364850395,,7.092046,14.592445,15.625232,12.185343,10.482633,17.231244,14.482749,18.457038,10.730806,2.799454,12.367899,4.7890911306847,1.13435752962021,5.28956072868158,12.4786004191625,0.000411640492842202,0.0276850231225191,chr16,1031808,1036979
SPATA31B1,0,0.0,0.0,0.0,0.0,0.0,0.0,0.0,0,0,,0.040796,0.020484,0.0,0.04878,0.024973,0.163661,0.023951,0.0,0.05759,0.02754,0.0407775,0.0470137508968269,-5.82907516591524,-3.48399349512547,22.0724215419313,2.62554844779103e-06,0.00209769671215433,chr9,84672562,84678597
SPHK1,3.493246,2.040493,2.528122,6.067473,3.594986,0.337311,0.955511,0.668384,2.46069075,1.90972916960149,,0.795654,1.396176,0.536892,0.816044,0.216948,3.382853,0.636914,2.584713,0.788302,0.486528,1.1641024,1.0230944722046,1.45526917114162,1.27722542174498,11.4247593402003,0.000724718120084478,0.0375824747456629,chr17,74372665,74383941
SPRN,6.32349,2.461088,2.74748,2.683365,3.52267,6.202869,8.767904,0.665136,4.17175025,2.66640225832063,,7.370409,10.361392,11.715056,22.083359,17.523134,9.407684,12.325174,11.72805,7.398993,8.916846,11.8830097,4.6405999835794,-1.15949380063629,4.0563687828593,12.8614765070174,0.000335415841561323,0.0248045431828048,chr10,135234170,135382916
SPTBN2,19.522383,7.222784,7.518277,8.599371,14.590455,27.886797,28.115683,3.490796,14.61831825,9.61721671188699,,31.787478,36.236356,41.634183,64.051747,32.489227,17.794573,41.674462,31.783149,28.70875,26.437798,35.2597723,12.3347244594593,-1.01251411398619,6.70684531970728,11.939429438919,0.000549583079915346,0.0321330112778145,chr11,66452719,66496697
SPTLC3,2.50367,0.487833,0.627014,3.319818,1.048286,0.380934,0.760012,3.688948,1.602064375,1.35318515035325,,0.847464,0.882177,1.629,0.564861,0.278372,1.116364,0.84746,0.447036,2.099376,0.144389,0.8856499,0.605107882641958,1.78005510091951,1.91762131704362,10.8535254394323,0.000986078500273118,0.0444237385775389,chr20,12989627,13147411
SPTSSB,4.311938,1.000672,1.756322,2.081045,1.662334,1.687463,2.959133,0.25692,1.964478375,1.22879316185841,,5.154753,5.646649,6.173209,9.721237,4.174659,4.598679,5.714526,2.716619,3.035666,5.431089,5.2367086,1.94820031686102,-1.19354204809103,2.79133966832694,19.1508201820922,1.20785590579032e-05,0.00535092608611553,chr3,161062580,161090668
SRP14-AS1,23.564335,6.12371,24.812519,34.703145,6.150391,6.063809,6.160044,6.279851,14.2322255,11.6145038539591,,8.891206,10.910453,9.388402,5.213227,2.114374,18.51018,5.080084,5.45783,6.835456,3.760731,7.6161943,4.67744303006796,1.07140518571017,2.96808379674445,11.0864500572149,0.000869607962013826,0.0412878857691438,chr15,40331512,40359491
SRPX,6.138305,5.881242,9.493667,21.654031,10.609941,0.70977,3.641784,1.548297,7.459629625,6.70671742182273,,2.930985,3.609911,4.777378,1.332759,0.812843,6.297944,1.797725,4.472442,1.477743,1.166886,2.8676616,1.85866138759964,1.6418287238667,2.49030305592508,16.9285606073042,3.88131922867873e-05,0.00855234344750381,chrX,38008589,38080696
SSTR3,2.197041,0.212352,0.514016,0.734712,0.75015,1.356557,0.649176,0.084389,0.812299125,0.679178143054938,,1.616365,3.486647,4.455295,6.194316,2.157872,1.393355,2.908637,1.798744,1.741685,1.577036,2.7329952,1.56737316739114,-1.35199887848435,2.11872873088818,13.6099589896505,0.000224988804181251,0.020159637645538,chr22,37600278,37608362
SSX2IP,12.012495,4.599431,7.687573,8.480807,6.221457,7.229069,9.499962,0.734688,7.05818525,3.37403628001964,,11.855803,19.665198,26.913243,47.246967,12.278282,13.68848,13.724793,8.516092,6.96999,18.047639,17.8906487,11.8154700901624,-1.03946825001274,5.40894393804668,14.2815241967983,0.000157402282385906,0.0164760329930342,chr1,85109390,85156486
ST18,11.952525,22.336036,60.712801,15.623596,14.332731,4.025379,14.245141,3.768502,18.374588875,18.1645443029996,,6.084571,16.969081,9.738921,4.873402,3.84059,13.348802,8.952188,7.114249,7.592525,2.484809,8.0999138,4.40955874220864,1.51853197924162,5.28788403496374,18.9708629952752,1.32729930076057e-05,0.00540745554696188,chr8,53023399,53373519
STAC2,12.129263,3.137852,2.660337,2.366462,5.745464,11.413453,6.390571,1.582154,5.6781945,4.11143708198251,,13.389013,24.043898,15.268959,30.999008,9.532888,39.410526,19.801708,9.374063,10.452107,11.256395,18.3528565,10.237078946318,-1.16051647680945,4.68097524863179,11.0771302484196,0.000873989558950264,0.0414135630932399,chr17,37366789,37382125
STAU2,38.112576,13.842098,18.830991,17.637172,21.344308,19.55961,34.227616,4.940423,21.06184925,10.6578712547018,,44.952412,56.367914,62.362318,88.070833,45.198289,34.735022,48.857369,31.538848,47.51469,57.930765,51.752846,16.0027377306981,-1.03789381665736,6.14724553062709,22.7246021792785,1.86958837561633e-06,0.00193119167586546,chr8,74332604,74659943
STMN2,233.210168,66.730398,75.573992,45.521246,210.674603,182.86865,356.915239,10.328131,147.727803375,117.931819941151,,428.549229,606.821996,552.099987,619.950576,451.139963,462.220445,524.226823,359.752037,454.267847,507.792856,496.6821759,81.4669720118931,-1.45802951873631,8.85699979543969,14.7017900260106,0.000125926820494938,0.0146262204683852,chr8,80523049,80578410
STRA8,0.175971,0.176175,0.23174,0.0,0.086391,0.0,0.0,0.0,0.083784625,0.0978419635767474,,0,0.0,0.0,0.0,0.0,0.0,0.0,0.0,0.0,0.0,0,0,5.13393419556191,-4.09428804483695,15.9385422661118,6.54326474691371e-05,0.0109918274473168,chr7,134916731,134943244
STRIP2,2.055066,1.08028,1.722419,2.444527,2.189892,1.65487,2.008438,0.532914,1.71105075,0.628288545545471,,3.191051,2.011791,4.158922,18.868483,4.81095,6.083399,2.846286,1.378485,2.68142,4.090957,5.0121744,5.0597316667155,-1.10803063064588,3.35699314211708,10.5356157837447,0.00117095861157584,0.0491186779369837,chr7,129074274,129128240
STS,5.419509,2.457488,2.171539,3.990103,3.80695,3.890221,6.580479,0.684828,3.625139625,1.86364126049592,,9.239576,10.049851,12.315743,15.662445,7.537724,10.201427,12.105359,4.411672,4.82523,9.041118,9.5390145,3.42125097367327,-1.03904317209426,4.77014010064783,16.4655759363434,4.95414708524953e-05,0.00960782175652725,chrX,7137497,7272851
STXBP5L,7.330292,1.072284,1.903228,2.406684,2.194429,3.175884,6.943873,0.135658,3.1452915,2.62656871952124,,6.636511,16.984624,18.825257,22.983725,6.274383,3.926823,9.035271,7.223584,4.315411,8.58862,10.4794209,6.64973931843647,-1.43651719138832,5.18913164631022,15.9982266051497,6.3401845082876e-05,0.0108144068831271,chr3,120626919,121143608
STYK1,2.712455,0.231318,0.545005,0.190658,0.852981,1.990017,2.247678,0.0,1.096264,1.0603061312594,,3.674122,5.244339,8.336483,14.106668,5.688501,2.210542,4.464698,3.33398,2.742662,3.629042,5.3431037,3.54332478073847,-1.90763235731671,2.54643743406557,12.2971360808631,0.000453653868130762,0.0288327327703445,chr12,10771538,10826917
SULT4A1,77.078636,19.507335,17.923807,14.577429,40.967877,57.009334,86.836439,3.439368,39.667528125,31.0486754700595,,104.284493,136.611426,154.123485,209.200454,133.219951,78.96716,165.20815,97.231388,96.333684,96.84753,127.2027721,40.3347514337152,-1.33841843643166,7.02567116623898,14.3793774776964,0.000149429908378624,0.0160875784820781,chr22,44220389,44258398
SUV420H2,6.949712,4.15844,5.480078,7.641548,4.638602,1.867915,4.032619,1.145198,4.489264,2.24775857134416,,2.75551,5.243238,4.670382,4.391599,1.951225,3.966585,3.03697,5.194218,3.095523,0.979038,3.5284288,1.41302799158488,1.03183080616054,2.14805071158602,15.5649029294024,7.97207544930943e-05,0.0118497966800024,chr19,55851221,55859488
SV2B,27.426512,4.859465,7.32052,3.333367,8.709802,20.459406,27.47329,0.6975,12.53498275,10.9102774829399,,36.90015,48.392213,62.012106,100.946323,39.695584,25.169121,43.392364,29.712831,25.485235,40.873462,45.2579389,22.4879947021159,-1.4933375347005,7.57990551236434,12.6976092744028,0.000366123362596319,0.0262032647729591,chr15,91643180,91844539
SVOP,25.961588,4.624746,6.159637,4.063592,16.825992,19.002224,35.802463,0.964935,14.175647125,12.3589206868744,,39.569181,58.429428,70.893458,84.244212,52.107705,21.875635,66.852043,41.385611,38.885331,30.506745,50.4749349,19.561721374313,-1.48244064328089,5.90740434603259,14.9272117046555,0.000111739568816287,0.0139847220863482,chr12,109304658,109459045
SYN2,90.491394,11.821754,20.414332,19.036044,38.837712,44.65507,97.3831,2.870164,40.68869625,35.5711586918683,,119.297275,122.996405,238.858417,425.663874,137.978621,59.630139,110.666602,101.715344,81.146213,119.222342,151.7175232,107.189655417162,-1.60623282854672,7.73355632878749,16.9821632243362,3.77326366454433e-05,0.00847921222458258,chr3,12045876,12232900
SYNGR1,84.217964,16.924421,27.543662,28.173127,38.131883,41.780158,64.699389,6.847063,38.539708375,25.302518867012,,78.506123,136.414867,189.449715,235.079893,90.367179,70.12926,111.480615,98.963251,54.658798,56.399899,112.14496,59.2879816221198,-1.19106337257396,7.59743194918447,17.4010863631937,3.02652943429065e-05,0.00778086597675802,chr22,39745930,39781593
SYNGR4,0.279079,0.091274,0.0,0.0,0.082635,0.220523,0.093084,0.0,0.095824375,0.104799885750943,,0.84861,0.29709,0.680558,0.956045,0.750513,1.706116,0.598853,0.521422,0.380498,0.597915,0.733762,0.395587378842596,-2.51706407004686,-1.69176665620145,19.0061156665414,1.30300160540936e-05,0.00540745554696188,chr19,48867652,48879633
SYNJ1,25.323748,11.314756,12.158382,13.023942,20.486419,21.659986,42.407126,1.565653,18.4925015,12.1927865221576,,43.411826,54.077403,68.281911,101.325886,29.963028,32.06532,33.90406,33.204711,33.891963,57.063437,48.7189545,22.5729639874281,-1.06238261954055,6.69882163068678,13.5898178837247,0.00022741569137508,0.0203128125976016,chr21,34001069,34100359
SYNM,22.662296,11.903116,15.888325,39.162237,11.536652,5.328423,7.728863,4.230479,14.805048875,11.5076771765635,,6.755645,12.695966,11.022314,12.867321,5.317161,12.102777,7.553132,6.67562,7.47998,5.248248,8.7718164,3.06041652199875,1.07495033392374,5.55982856564702,24.8835454544111,6.09000190264061e-07,0.00113075004068961,chr15,99638420,99675798
SYP,235.066179,76.447178,81.854961,61.277318,222.056125,235.886471,377.942742,9.449318,162.4975365,124.322842757332,,399.510352,605.560504,604.284424,818.837636,467.401279,416.463738,567.365923,371.021693,434.05051,349.908358,503.4404417,145.199821455193,-1.27475591477837,8.03398187267924,11.9224688576102,0.000554609307614088,0.0322105867388247,chrX,49044269,49056718
SYP,235.066179,76.447178,81.854961,61.277318,222.056125,235.886471,377.942742,9.449318,162.4975365,124.322842757332,,399.510352,605.560504,604.284424,818.837636,467.401279,416.463738,567.365923,371.021693,434.05051,349.908358,503.4404417,145.199821455193,-1.27475591477837,8.03398187267924,11.9224688576102,0.000554609307614088,0.0322105867388247,JH806590.2,1427245,1439688
SYT1,192.751999,37.608634,52.855259,33.367474,80.771588,95.884821,177.750739,2.227922,84.1523045,68.8063156895415,,245.892692,408.585415,495.222368,703.757909,253.71463,176.48209,270.698198,195.205752,129.503511,288.607299,316.7669864,173.678369031978,-1.58546167004659,9.16136525945564,14.8018428606582,0.000119418745881427,0.0143484498804615,chr12,79257773,79845788
SYT12,6.14317,2.168635,2.201182,4.122872,4.198752,4.250451,5.05565,0.563821,3.588066625,1.80730096306097,,7.876437,15.355043,13.561459,23.279744,8.998226,9.232347,10.033637,9.134732,5.499344,4.245319,10.7216288,5.50483661366495,-1.14906941828514,4.3018735526339,20.4625004446029,6.08110774877077e-06,0.00354144932098652,chr11,66774249,66818334
SYT13,16.918009,4.358634,6.127862,7.191519,12.755205,9.756743,19.40999,0.558628,9.63457375,6.40127589890693,,28.802938,27.961897,55.590294,104.704629,31.993238,20.273052,25.298815,19.991644,14.195431,26.461189,35.5273127,26.7059754765452,-1.52210065649015,6.12011150092483,19.2930555523774,1.1211337432284e-05,0.00524699857399019,chr11,45261852,45307870
SYT4,29.069747,4.891404,9.492707,5.518519,20.164557,19.831111,44.630378,0.25304,16.731432875,14.8412157070217,,37.86356,75.16604,79.024757,117.25884,44.979224,35.275087,58.314621,36.825309,26.26186,61.613463,57.2582761,27.4936226465993,-1.47298598203511,6.54584432982502,11.3589346648329,0.000750858811466111,0.0383365246460057,chr18,40847843,40857615
SYT7,27.930823,9.426339,6.666132,9.189876,16.105476,33.879811,21.664369,2.25573,15.8898195,11.0818263050028,,45.963052,41.675638,76.544822,127.87133,55.505739,61.034673,62.981774,44.072123,44.13849,52.25426,61.2041901,25.8069911814779,-1.55704407578822,6.79922310177113,18.9750192848348,1.32441110385632e-05,0.00540745554696188,chr11,61282785,61348620
T,0,0.0,0.0,0.0,0.0,0.0,0.0,0.0,0,0,,0.391456,0.0,0.208102,0.0,0.0,0.139655,0.152847,0.0,0.0,0.0,0.089206,0.133263674476164,-6.07071262047655,-3.35878961004321,12.1826365196382,0.000482364175531608,0.0300834811631932,chr6,166571144,166582188
TAGLN,79.07405,156.786832,118.941497,169.921771,146.230876,39.129904,39.085073,186.016803,116.89835075,58.0369601305295,,63.567798,34.953921,175.660246,42.583177,88.304159,58.354449,149.331031,33.416961,32.549445,13.515152,69.2236339,53.61883752833,1.65157848389975,6.45596142392937,12.8147391248807,0.000343899356899908,0.0250639339535198,chr11,117070037,117075498
TAGLN3,241.30171,101.918287,86.014067,48.707407,162.92747,216.587245,252.671504,16.914601,140.880286375,90.388866901033,,279.053871,560.185384,431.80505,661.298969,324.50938,422.310574,295.459412,368.457804,385.951344,276.60967,400.5641458,126.102088946235,-1.08979736171403,7.80760369523392,11.4757460998175,0.00070510334922178,0.036835145353395,chr3,111717511,111732734
TAS2R20,1.505173,0.542746,2.42685,1.57896,0.234025,0.363705,0.732152,0.356676,0.967535875,0.784141257043004,,0.305344,0.694174,0.99963,0.359188,0.084727,0.1273,0.222687,0.482843,0.325865,0.095485,0.3697243,0.290180839659245,1.74226996820376,-2.20387012851576,14.2485659085798,0.000160182819136517,0.0166135400455711,chr12,11149094,11150474
TAS2R20,1.505173,0.542746,2.42685,1.57896,0.234025,0.363705,0.732152,0.356676,0.967535875,0.784141257043004,,0.305344,0.694174,0.99963,0.359188,0.084727,0.1273,0.222687,0.482843,0.325865,0.095485,0.3697243,0.290180839659245,1.74226996820376,-2.20387012851576,14.2485659085798,0.000160182819136517,0.0166135400455711,GL949745.1,195201,196581
TAS2R20,1.505173,0.542746,2.42685,1.57896,0.234025,0.363705,0.732152,0.356676,0.967535875,0.784141257043004,,0.305344,0.694174,0.99963,0.359188,0.084727,0.1273,0.222687,0.482843,0.325865,0.095485,0.3697243,0.290180839659245,1.74226996820376,-2.20387012851576,14.2485659085798,0.000160182819136517,0.0166135400455711,GL877876.1,195201,196581
TAX1BP3,48.617542,11.342189,39.213753,73.719009,12.700516,6.562341,10.719903,6.082038,26.119661375,24.9654120837857,,12.986816,21.470692,19.659718,15.584047,3.749839,17.306709,5.342133,21.992401,14.302155,1.793807,13.4188317,7.39310138239675,1.18735825429454,3.95088152031585,11.3615335169659,0.000749808895493276,0.0383365246460057,chr17,3566196,3571976
TBX15,1.166624,0.347721,0.495322,0.898196,0.440383,0.34607,0.189439,1.350844,0.654324875,0.428162407706781,,0.640557,0.507891,0.469065,0.446685,0.297048,0.455444,0.471479,0.176114,0.429247,0.168793,0.4062323,0.148805835340367,1.61509640528554,0.661378088959361,11.3234706533043,0.000765335336611218,0.0387642656620839,chr1,119425669,119532179
TBX2,3.034035,2.479071,1.247042,4.446254,2.275567,1.779701,2.061326,5.386712,2.8387135,1.40511143309998,,1.113402,1.972488,2.305638,1.448287,1.594065,1.421195,2.32998,1.518696,2.371188,0.637475,1.6712414,0.571390727811092,1.7588945668698,3.14352804039594,17.8503614659768,2.38973871033316e-05,0.0071778944918345,chr17,59477257,59486827
TBX3,4.458196,1.835495,2.012262,3.947114,0.834214,1.097469,2.355184,1.70162,2.28019425,1.28851673946826,,1.647661,1.384218,1.400964,1.000888,0.718418,1.493024,1.83884,0.672493,1.131917,0.607105,1.1895528,0.431225844962114,1.31000852067552,2.20105675488978,15.1733018322093,9.80803918505252e-05,0.0130342323284792,chr12,115108059,115121969
TCERG1L,1.722478,0.471054,1.262402,0.440352,1.04711,1.284974,3.184647,0.073461,1.18580975,0.972640256889426,,3.584046,10.541034,6.267898,8.809265,4.790519,3.053428,5.652427,5.411,2.754863,4.536067,5.5400547,2.48535574730845,-1.50690624902839,2.6043510142343,20.4228937981376,6.20826513868121e-06,0.00354144932098652,chr10,132890654,133109984
TCP11L2,6.284573,4.907653,14.658975,10.94777,3.764821,1.146175,3.867075,0.681675,5.782339625,4.80688588867824,,1.9017,3.87865,4.672111,4.015422,0.874674,4.99951,1.972829,2.746684,2.89091,1.299286,2.9251776,1.42548123160241,1.22974854271565,2.29812069257391,15.6944860585278,7.44408646418542e-05,0.0114940052519376,chr12,106695707,106740793
TF,168.364824,390.414286,1006.422732,278.452931,222.495726,49.108127,140.722048,84.405987,292.548332625,308.304020924942,,85.115237,361.745033,98.921124,82.798808,75.470023,184.254886,158.867907,170.767766,161.40018,27.721097,140.7062061,92.8723412883546,1.37175505845438,8.68582877495431,11.6393339218657,0.000645717204545476,0.0347349113855523,chr3,133464800,133497850
TGFA,6.30072,7.033532,22.180705,7.638509,4.983194,2.019128,3.721728,2.119088,6.9995755,6.4895363590902,,3.132426,6.154542,5.076714,4.45849,2.116284,5.376549,4.022064,5.934137,4.734747,1.372976,4.2378929,1.59248533214731,1.07284447200321,2.90967011358629,12.0903930928554,0.000506822877991359,0.0309241425307928,chr2,70674412,70781325
TGFA,6.30072,7.033532,22.180705,7.638509,4.983194,2.019128,3.721728,2.119088,6.9995755,6.4895363590902,,3.132426,6.154542,5.076714,4.45849,2.116284,5.376549,4.022064,5.934137,4.734747,1.372976,4.2378929,1.59248533214731,1.07284447200321,2.90967011358629,12.0903930928554,0.000506822877991359,0.0309241425307928,KB663603.1,13562,120475
THBS1,6.212247,0.615922,1.053421,3.113021,5.679127,1.547285,1.173886,1.43466,2.603696125,2.19157256546868,,2.386,1.355129,1.841594,1.532756,0.768927,1.099588,1.15426,1.108765,2.337582,1.224628,1.4809229,0.544148211486427,1.23139265017,3.08745621141135,10.9203530522975,0.000951134813757016,0.0436481469758882,chr15,39873280,39891667
THRB,13.689497,3.211845,3.959583,4.678,3.96033,8.248622,14.35593,0.540694,6.580562625,5.05623910251862,,12.833015,18.523657,23.377582,52.048253,18.014936,10.716374,13.311381,14.589972,9.499394,26.997116,19.991168,12.5405902735653,-1.28141351015802,5.8441824912142,14.2207611713988,0.00016256701200192,0.0167686836478265,chr3,24158651,24536773
TJP2,67.065338,32.160017,81.113508,157.428898,43.49025,7.533472,32.500165,7.01745,53.53863725,49.3064184554467,,11.564205,30.836167,49.38515,15.305323,5.987505,16.65233,17.56853,30.522468,17.144718,9.824985,20.4791381,12.9430002844851,1.59126549556359,6.46015276524961,24.171706876833,8.81173391894079e-07,0.00131315705288342,chr9,71736209,71870124
TMEM151B,38.288151,7.343493,10.337829,12.298527,14.011941,17.247217,28.847833,6.847478,16.902808625,11.1180725752827,,43.290957,59.420466,59.00063,75.762203,51.951275,40.004394,63.694585,37.629188,40.777672,44.728452,51.6259822,12.5129244900634,-1.24285413945884,6.76799216217776,21.9237721343032,2.83697733549338e-06,0.00219750343804385,chr6,44238203,44275243
TMEM165,76.081756,76.288097,210.932705,63.847304,78.586668,27.001178,56.885292,27.32531,77.11853875,57.9245524902618,,37.808349,71.606916,58.032439,49.354503,14.610324,53.156735,48.888054,35.486198,49.811514,18.112478,43.686751,17.5530668050489,1.11626348257821,5.75980289371214,18.5457593284783,1.65873846854203e-05,0.00602132697019657,chr4,56262124,56319564
TMEM38A,7.517501,1.693667,3.69109,5.211388,5.753286,5.439866,5.754166,0.451952,4.4391145,2.34597734659821,,10.296278,10.598092,15.735017,33.349049,14.619091,9.977429,12.954455,7.135846,6.491374,9.633595,13.0790226,7.70586792866532,-1.25849544075545,3.80254660991742,16.584047556175,4.65408527186955e-05,0.009247585784586,chr19,16771938,16800840
TMPRSS5,12.061331,31.947488,50.159196,80.229348,40.830907,7.070852,25.727357,11.811932,32.479801375,24.4887422830055,,16.600567,51.30527,22.018428,14.479315,2.562465,31.93601,20.06047,9.071754,16.578118,3.868901,18.8481298,14.3401063439486,1.20582336205076,4.68901089910574,10.6665645533512,0.0010908953978197,0.047338172784009,chr11,113558272,113577095
TMSB4XP6,0,0.0,0.0,0.0,0.0,0.0,0.0,0.0,0,0,,0,0.0,0.0,0.0,0.0,0.0,0.0,0.0,1371.103638,0.0,137.1103638,433.581040422299,-12.6774518942934,2.75159471060408,13.6719341475844,0.000217683610306866,0.0197303123573022,chr20,49457152,49457286
TMTC2,10.913689,20.461063,50.948225,11.836072,14.756664,3.658576,10.513914,2.277384,15.670698375,15.3803437332767,,6.743942,10.715465,15.321192,8.385225,4.798022,14.395749,8.500346,8.341581,8.12083,4.397909,8.9720261,3.61733920966793,1.13523445321422,5.30221233386466,13.1421184127439,0.000288731224381809,0.0231266768111987,chr12,83080659,83528649
TNFRSF11A,1.059831,0.227014,0.563024,0.745287,0.323816,0.877472,0.586491,0.126246,0.563647625,0.325216485831004,,1.675757,2.612362,3.531703,5.202918,2.08805,2.004451,2.304402,0.675723,1.027706,1.923423,2.3046495,1.28936538145806,-1.15234533336507,2.44550784805757,13.7336466194712,0.000210646807276715,0.0194278795590767,chr18,59992520,60058516
TNMD,0,0.0,0.0,0.080253,0.0,0.0,0.0,0.0,0.010031625,0.028373720255282,,0.310649,0.360405,0.318455,0.142502,0.323365,0.0,0.924048,0.207447,0.285104,0.0,0.2871975,0.259495046055582,-4.57166443826651,-2.5903911751772,19.0371130651949,1.28200614561568e-05,0.00540745554696188,chrX,99839799,99854882
TPH2,0.11435,0.0,0.0,0.0,0.047478,0.0,0.273273,0.0,0.054387625,0.09735363041721,,0.347919,0.953223,0.879545,0.536341,0.27854,0.277391,0.473364,0.261805,0.136225,0.251151,0.4395504,0.27642096733111,-2.63468951570239,-1.37222219159792,13.9267669560633,0.000190072356885453,0.0183492150251452,chr12,72332626,72580398
TPM2,44.167481,60.043701,28.276136,86.418778,63.685558,20.155575,43.278952,55.69698,50.215395125,21.0047238699783,,29.62487,70.766079,44.574757,46.754917,30.093156,39.227134,43.903464,30.914271,39.807867,17.673471,39.3339986,14.1866833529884,1.05083543065869,5.54680734511158,11.5954037622255,0.000661150184589289,0.0352151500202494,chr9,35681989,35691017
TPTEP1,5.214974,8.815472,16.396505,11.436483,8.280256,5.330146,5.900082,2.982355,8.044534125,4.26797527240559,,3.442238,5.591908,3.606783,1.758603,2.382216,9.744159,5.792169,5.933698,5.009741,2.098713,4.5360228,2.41174578860671,1.17593564314542,3.83878279129834,16.6646825666966,4.4603719692527e-05,0.00919750001192825,chr22,17082777,17179632
TRDN,1.817155,1.339131,1.438852,6.694692,2.73134,0.0,0.903277,0.100204,1.878081375,2.13986552811566,,0.36066,0.887685,1.255027,0.859044,0.348773,0.493121,0.091891,0.63226,0.423133,0.155456,0.550705,0.361257892265345,1.83618826954736,0.74848443345927,13.4493418061844,0.000245092152311335,0.0210078328699944,chr6,123537483,123958238
TRIM36,17.711873,3.990835,11.127877,3.666341,5.602536,7.227733,14.335878,0.928542,8.073951875,5.79910637462444,,19.265852,42.486814,35.344155,34.568915,12.716914,8.93467,22.480474,14.320242,17.389862,16.765947,22.4273845,11.186000129481,-1.27319065194773,4.86796419319354,15.2660540477727,9.33796641926286e-05,0.012742161454372,chr5,114460459,114516243
TRNP1,27.137257,9.660563,9.802006,8.985915,17.672495,16.328501,28.381395,3.690969,15.207387625,8.90048101985237,,44.451676,51.128877,44.340334,58.944838,33.457837,43.360923,41.560423,33.039267,45.686899,45.720675,44.1691749,7.58392951325767,-1.18082552639357,5.22021573777931,22.2153301457734,2.43720029028294e-06,0.00209769671215433,chr1,27320198,27327389
TRPM6,1.320204,1.053701,4.118328,0.914537,0.832632,0.466698,0.729589,0.710448,1.268267125,1.17900293083223,,0.558094,0.99379,0.796963,0.53638,0.28059,0.920945,0.599861,0.61672,0.953966,0.115864,0.6373173,0.288815667936431,1.43286146202187,2.36963240734576,16.6323738899364,4.53699594526444e-05,0.00924192602102086,chr9,77337411,77503010
TSPAN11,5.165278,1.850059,3.689202,3.299611,2.569375,0.845199,2.915913,1.01982,2.669307125,1.43713433831153,,1.032152,1.572172,1.471623,3.077909,0.88858,2.068396,1.797381,2.812536,1.237915,0.653138,1.6611802,0.799226047868228,1.12196866605765,2.78199376919382,12.478944100482,0.00041156476613072,0.0276850231225191,chr12,31079362,31149534
TSPAN13,42.324593,14.030375,18.39876,7.990403,16.66263,26.922314,21.722483,2.287889,18.792430875,12.2176381441876,,43.023163,73.402796,75.251684,141.944771,36.383195,60.092167,31.163767,31.615373,27.667493,42.185169,56.2729578,34.6958778015833,-1.12948471507892,5.56955297575566,14.1694237596523,0.000167063397499609,0.0169849787019844,chr7,16793160,16824161
TSPAN7,349.250685,100.216007,176.100417,201.071083,182.878318,264.89795,214.47126,29.177932,189.7579565,96.9979720468488,,405.260352,696.532535,810.742976,998.415657,372.612471,416.572519,315.321378,318.331571,321.774593,407.000389,506.2564441,241.039216164173,-1.00758189551961,8.65872074451241,14.0126104282809,0.000181588697124191,0.0179149587621007,chrX,38420623,38548169
TTC9,10.079323,2.684562,3.285553,3.429977,5.576255,5.11039,6.839661,0.71453,4.715031375,2.87872195257305,,9.170301,18.542917,15.462212,19.961535,11.404651,10.595289,15.085588,8.9156,7.982588,13.129551,13.0250232,4.14274063759846,-1.15385771933961,4.87515773793362,19.8339710303251,8.44680623549595e-06,0.00448647186349509,chr14,71108504,71142077
TTF2,3.32357,2.834699,6.001167,4.024662,1.371184,1.282751,1.644741,0.982271,2.683130625,1.72774216411022,,1.679413,2.301394,2.644204,2.044634,0.610685,2.218753,1.255339,1.783548,1.832434,0.699599,1.7070003,0.670874947445672,1.01356080610922,3.10131393450531,16.5032702106383,4.85662367808152e-05,0.00948364628503719,chr1,117602925,117650075
TXNIP,274.703202,134.349456,298.725745,296.506037,108.896619,70.772129,76.44072,44.354172,163.09351,108.592440086504,,62.258433,139.009286,232.71592,29.421414,17.71354,63.160933,98.275156,109.915676,43.607724,16.063871,81.2141953,67.0545172335946,1.39470866710452,6.62487436299439,17.0154097274104,3.70776791200195e-05,0.00847921222458258,chr1,145438469,145442635
TXNIP,274.703202,134.349456,298.725745,296.506037,108.896619,70.772129,76.44072,44.354172,163.09351,108.592440086504,,62.258433,139.009286,232.71592,29.421414,17.71354,63.160933,98.275156,109.915676,43.607724,16.063871,81.2141953,67.0545172335946,1.39470866710452,6.62487436299439,17.0154097274104,3.70776791200195e-05,0.00847921222458258,JH636052.4,2807958,2811900
UACA,11.743017,9.025484,21.920119,17.705521,7.140888,4.42409,7.971716,4.026274,10.494638625,6.35339474681267,,6.732541,10.708277,12.19084,6.629912,2.246886,6.873876,7.361944,4.996402,7.727071,1.990343,6.7458092,3.20827423136056,1.08955462187513,4.64294076901033,18.2917016460246,1.89530989157846e-05,0.00650481841516343,chr15,70946893,71055932
UBE2QL1,20.329025,6.770449,7.596264,8.51386,19.159088,20.109674,29.125782,1.379227,14.122921125,9.37569161451056,,26.987707,56.702351,37.768398,50.15287,34.601044,38.099861,36.965519,26.808565,27.924391,39.869633,37.5880339,9.7752063051618,-1.07839956425812,6.1742489064972,11.6482975179656,0.000642613197779288,0.0347349113855523,chr5,6448736,6495022
UBE2T,9.739429,2.382073,3.67614,4.349858,7.138689,7.148043,7.742135,0.618322,5.349336125,3.08038074965169,,13.981041,22.165325,21.204606,25.100626,10.716634,9.931901,11.090758,11.188487,10.308054,11.504773,14.7192205,5.775284455776,-1.09660775853904,2.51915163772725,13.6999684834786,0.000214458085346544,0.0195742918041156,chr1,202300785,202311108
UBL4B,1.184797,0.270584,0.298967,1.206721,0.371974,0.109924,0.067596,0.946392,0.557119375,0.476615368513659,,0.40982,0.179046,0.328504,0.237528,0.232895,0.353858,0.240276,0.168232,0.169113,0.16793,0.2487202,0.0869334172376896,1.81158912486734,-0.986302224168669,11.568559787792,0.000670763516837081,0.0354334582042603,chr1,110655062,110656569
UCHL1,532.109203,135.051674,232.258582,133.862444,409.783509,381.420113,675.660697,40.26844,317.55183275,219.763438110351,,900.498217,1377.659255,1109.587768,1540.839167,686.261751,702.508638,713.843311,665.452573,770.861306,712.556735,918.0068721,317.224679147026,-1.1514350738521,9.02408005533908,11.794510315211,0.000594056355514527,0.0337069000043596,chr4,41258430,41270472
UNC5CL,1.076613,1.128415,1.787884,2.442768,1.373579,0.283406,0.792203,0.463139,1.168500875,0.705288984426635,,0.623996,1.035038,0.821157,0.545731,0.182084,1.129043,0.670779,0.689932,0.911979,0.350752,0.6960491,0.293736141739657,1.09596749438742,0.833100604337514,10.545244157791,0.00116487433315489,0.0489359559437895,chr6,40994772,41006928
USH1C,8.46776,6.420824,67.077534,31.348693,9.02682,1.269512,9.851449,4.54315,17.25071775,22.0879875459727,,4.07762,16.577818,6.795536,2.537727,2.9584260000000002,15.468338,14.208614,8.431837,3.264162,0.532736,7.4852814,5.92280844673758,1.58628512204855,3.43492785113378,12.3431066140795,0.000442617833446817,0.0285429144623934,chr11,17515442,17565963
USP32P2,5.063708,0.501937,2.676058,5.862457,1.669208,5.801271,2.888893,0.418274,3.11022575,2.2359526795712,,0.347951,5.213341,2.357254,4.926167,0.934571,0.557544,1.718283,1.29026,0.76055,1.111771,1.9217692,1.75777037095317,1.40988159709363,2.54395612105373,10.4746374286469,0.00121024538373209,0.0497601067106712,chr17,18414576,18429244
USP44,0.577692,0.929948,1.738413,0.713364,1.189461,0.317281,0.637469,0.299812,0.80043,0.480436181315628,,0.295339,0.328519,1.16759,0.996261,0.331599,0.828583,0.141862,0.484712,0.573351,0.435024,0.558284,0.333949012142406,1.09074963119514,0.0770552124427724,10.50258828632,0.00119207445445832,0.0495879062836806,chr12,95910336,95945266
UTS2B,0.174395,0.069273,0.073533,0.12527,0.313714,0.0,0.091876,0.0,0.106007625,0.102308204006937,,1.032899,0.905455,0.281659,0.453637,0.337752,0.254761,0.143458,1.703371,1.377116,0.91189,0.7401998,0.529351214397986,-2.6335254834794,-0.487394231789719,18.9316563700505,1.35485709664267e-05,0.00548030018041269,chr3,190984957,191048325
VCAM1,8.238139,5.345562,6.576053,21.88988,5.598047,2.482092,5.541833,2.879975,7.318947625,6.17393613696916,,6.171643,7.14627,6.899074,2.917437,1.108122,3.445622,1.425422,5.17956,3.270154,2.757246,4.032055,2.18450516650105,1.18750843239543,3.45057596898884,14.8099291073713,0.000118907790589302,0.0143484498804615,chr1,101185298,101204601
VCAN,27.268568,13.427115,34.383329,41.377426,16.133955,6.810955,16.591396,2.146309,19.767381625,13.5158456135266,,9.273933,4.762048,19.034794,15.345697,3.584216,12.256874,10.034632,14.741566,7.728008,3.007839,9.9769607,5.38468672956406,1.242030007325,5.99086041150723,23.8174799072551,1.05916231851651e-06,0.00139988733522338,chr5,82767284,82878122
VEGFA,11.399117,4.737293,8.692223,8.97652,10.164823,8.464512,7.343794,5.830656,8.20111725,2.18263673693512,,19.003754,26.514899,24.827941,29.186681,8.94179,40.717743,22.868647,24.244477,36.535333,29.913759,26.2755024,8.86174482698375,-1.25249283459272,5.36849520781651,16.5841386771194,4.65386166128827e-05,0.009247585784586,chr6,43737921,43754224
VRK2,8.785768,10.493979,26.833313,9.925405,5.076312,1.906423,4.529157,4.236626,8.973372875,7.8335173153824,,4.56824,6.304922,7.561757,3.078457,2.729391,7.915114,4.947196,3.887551,8.469245,1.733273,5.1195146,2.34763188534741,1.13936069584367,3.23061466571336,11.3675240329387,0.000747394420529349,0.0383024422082864,chr2,58134786,58387055
VWC2L,5.051314,0.767081,0.742788,0.318175,1.065517,0.823467,1.348541,0.136154,1.281629625,1.57058155212283,,3.999891,3.004916,8.401797,5.823432,2.122877,2.04092,5.035931,2.592788,1.668004,2.360063,3.7050619,2.14381827068934,-1.3094786706952,2.74465238202832,12.7425339300572,0.000357433111469097,0.0257444602891158,chr2,215275789,215443683
WASF1,68.246973,19.804448,35.748675,25.780209,37.284815,67.085901,83.620887,3.290236,42.607768,27.6793662479592,,82.458433,191.077363,146.61775,219.127376,98.979616,50.466406,85.629797,72.139225,76.483011,123.276098,114.6255075,55.1366518558808,-1.11351041504906,7.13753110885186,11.0995265229581,0.000863497623094181,0.0412240886699884,chr6,110421022,110501207
WBSCR17,24.338671,7.544293,6.150429,8.178744,15.367426,20.188639,25.351969,2.32317,13.680417625,8.85304354143687,,25.81553,31.808056,58.586044,85.980532,42.365671,35.329842,48.605549,32.758558,27.99942,30.374128,41.962333,18.499315438316,-1.20984680114392,6.09761224658163,15.6162463288856,7.7585119826693e-05,0.0117359211723105,chr7,70597155,71178585
WDR86-AS1,7.387689,0.64184,1.139681,1.502557,0.0,0.0,0.407704,9.854616,2.616760875,3.79937282249052,,0.551779,2.062202,0.33464,0.537969,0.608253,0.56829,1.154544,1.479468,0.548302,0.369968,0.8215415,0.563861824807826,2.92000460754001,0.432565030092974,12.3160885690162,0.00044907073947134,0.0287161010936922,chr7,151106247,151110440
WIF1,5.031917,8.307451,3.258188,0.673203,2.270334,5.969737,2.284852,0.199634,3.4994145,2.76426911313812,,5.373513,19.819435,16.673885,30.099292,11.712077,18.029255,5.45208,20.422127,7.456883,11.117299,14.6155846,7.87211679669935,-1.48000415216577,3.68313826472537,10.6863259336978,0.00107930347393829,0.0470514830066601,chr12,65444406,65515346
WIPF3,20.719796,4.225288,6.552364,6.372466,9.258946,8.866105,14.90642,0.760461,8.95773075,6.27799828663688,,25.300444,67.233469,36.324537,27.361534,14.741653,16.484884,38.236014,20.056966,18.783514,19.394561,28.3917576,15.8112833665188,-1.35850304360278,5.50443731423118,20.7501872167256,5.23264632243441e-06,0.00329243920659043,chr7,29846102,29956682
WNT7B,1.144282,1.197411,2.047753,0.8281,1.468762,0.79947,1.541927,0.273354,1.162632375,0.542109559097984,,1.899745,1.756192,2.9214,6.16283,3.623722,10.563757,2.222147,5.108672,1.068861,2.827841,3.8155167,2.83875079402363,-1.34604894551895,2.6563476906371,13.0407063038286,0.000304793127483164,0.0235504520348932,chr22,46316242,46373009
XK,3.737778,1.01442,1.53194,1.471406,2.515534,2.128204,4.388946,0.164412,2.11908,1.40076252654209,,4.65892,5.987308,9.291122,11.118173,3.842554,3.623745,4.460679,4.124512,2.921578,5.459589,5.548818,2.64043420387565,-1.05611034858364,2.62045582165851,11.0619298510789,0.000881183779794605,0.041618478954119,chrX,37545012,37591383
XK,3.737778,1.01442,1.53194,1.471406,2.515534,2.128204,4.388946,0.164412,2.11908,1.40076252654209,,4.65892,5.987308,9.291122,11.118173,3.842554,3.623745,4.460679,4.124512,2.921578,5.459589,5.548818,2.64043420387565,-1.05611034858364,2.62045582165851,11.0619298510789,0.000881183779794605,0.041618478954119,JH720452.1,397565,443936
XX-CR54.3,0.63989,0.560809,0.254158,0.333459,0.301066,2.044654,0.565165,0.1231,0.602787625,0.60930283072399,,3.509821,1.727627,1.603447,11.523723,4.730385,3.053086,1.689071,1.059092,2.450419,5.511237,3.6857908,3.10682106155897,-2.05626067680063,-0.262501005540116,13.4025057842726,0.000251288378102793,0.0213346470218637,chr1,248881947,248885506
XX-CR54.3,0.63989,0.560809,0.254158,0.333459,0.301066,2.044654,0.565165,0.1231,0.602787625,0.60930283072399,,3.509821,1.727627,1.603447,11.523723,4.730385,3.053086,1.689071,1.059092,2.450419,5.511237,3.6857908,3.10682106155897,-2.05626067680063,-0.262501005540116,13.4025057842726,0.000251288378102793,0.0213346470218637,GL383516.1,16172,48653
YWHAG,246.362869,51.736485,97.937424,73.338547,101.836227,89.91748,182.628067,14.592129,107.2936535,73.9380970531855,,265.093628,484.609039,539.790649,778.808044,248.980026,183.218353,227.123672,204.448593,174.908173,231.269684,333.8249861,200.462852333764,-1.28428892715255,8.9377175052894,18.8648735065578,1.40312745540508e-05,0.00555648284420518,chr7,75956116,75988348
YWHAH,414.085649,130.458058,168.115736,209.548131,289.142566,371.262596,585.485699,29.937836,274.754533875,178.03219405568,,633.81879,712.908786,917.580833,1695.800485,780.044313,571.073654,581.523345,518.818046,707.961928,846.369332,796.5899512,340.194472817385,-1.25874923503497,9.27074973574723,14.5264473481748,0.000138205619735703,0.0154367771992369,chr22,32340447,32353590
Z83840.1,0.740428,0.84129,1.321379,0.658062,1.001897,0.149623,0.076111,0.388215,0.647125625,0.425542739132691,,0.161878,0.309261,0.141409,0.32478,0.067263,0.128068,0.109144,0.373544,0.504144,0.119683,0.2239174,0.144065508304922,2.00791064679295,-0.759613456018182,17.6016709213069,2.72348945600465e-05,0.00752536218032094,chr22,42090191,42092048
ZAP70,1.318214,0.731416,0.521375,2.194528,0.802625,0.38325,0.880144,0.682989,0.939317625,0.577447169031552,,0.123824,1.140535,1.281143,0.638992,0.198859,0.218955,0.128144,0.859585,0.573145,0.201232,0.5364414,0.43459813302897,1.43341582643141,-0.0138960780104506,14.490751194527,0.000140849386171354,0.0156145592897959,chr2,98330023,98356325
ZBTB20,1.08627,1.788443,4.425308,3.174059,1.857548,0.383238,0.589646,0.432039,1.717068875,1.44329009930827,,0.370814,1.27656,1.308656,0.612329,0.148934,1.557958,0.406777,0.565443,1.226718,0.371887,0.7846076,0.502912594502862,1.43753136154775,0.127484504101718,13.9851871451752,0.000184256564698357,0.0180080147921542,chr3,114056941,114866118
ZDHHC23,7.209362,2.059811,4.346378,1.998386,2.287303,5.689141,9.362331,0.348475,4.162648375,3.06719730341188,,8.53899,17.532951,16.823359,24.552685,7.54649,13.149659,7.884479,10.479004,6.076102,10.364101,12.294782,5.78055175747677,-1.35793037486251,4.43105743686817,17.277775416057,3.2294201196306e-05,0.00789344881802917,chr3,113666748,113684248
ZIC1,17.732869,7.375717,4.409829,16.545941,4.885762,1.082706,3.055981,5.340671,7.5536845,6.19343099722061,,3.163347,6.994254,6.105935,2.753182,2.494285,4.610796,4.119075,4.86516,2.813543,2.972028,4.0891605,1.54354942340231,1.1373131794796,3.75190332923671,13.0036907049406,0.00031087763559275,0.0237826504954314,chr3,147111209,147228080
ZIC4,6.112322,2.569257,2.281918,7.373735,2.219074,0.520816,2.668929,1.489219,3.15440875,2.34444074465543,,1.21824,2.190176,3.642877,1.288921,0.681713,0.881722,1.942442,1.246873,0.925027,0.617467,1.4635458,0.918940612936295,1.3099103961324,2.27326742766744,15.9494005475481,6.50583782490987e-05,0.0109648538746078,chr3,147103833,147124647
ZMAT4,4.004068,0.873259,2.346456,2.754241,1.336786,3.364037,2.834478,0.238259,2.218948,1.29238284314672,,4.862165,14.287658,7.317645,15.282979,5.614514,4.655745,6.670542,4.148427,3.471915,6.073157,7.2384747,4.14704407540871,-1.33507091393339,2.80862892732634,17.3486240131097,3.11123449384959e-05,0.00785061388987029,chr8,40388109,40755352
ZNF385B,9.18072,1.959937,2.471213,2.462043,1.271309,6.334648,7.691921,0.783166,4.019369625,3.21993465416809,,9.869194,19.292445,17.535372,16.953982,8.369505,8.279274,11.120361,8.688645,7.596331,11.845171,11.955028,4.35968334239717,-1.25349289402323,3.94344670144529,15.5044525455684,8.23111403473989e-05,0.0120133957905486,chr2,180306709,180726232
ZNF702P,1.659671,0.514268,0.804087,2.142663,0.657805,0.931961,1.774017,0.17963200000000001,1.083013,0.692187574609864,,0.708441,3.7731,4.989879,6.771455,1.92608,2.347558,1.862023,1.419836,1.72669,2.552537,2.8077599,1.85158463944701,-1.41855481068018,1.22404428424569,13.9487301335096,0.000187864515798124,0.0182167460019383,chr19,53471504,53541151
ZNF860,0.350697,0.202553,0.238755,0.083501,0.083206,0.119387,0.587149,0.060438,0.21571075,0.179410400864889,,0.842324,0.72152,1.590818,1.094176,0.557674,0.313082,0.801607,0.361542,0.319692,0.462622,0.7065057,0.403464157448699,-1.262497410072,-0.219907395514378,10.5760649296325,0.00114561255449062,0.0485525255197158,chr3,32023263,32033120
